name;professions
<ARAD₂>-u₃!;{'hazanum[mayor]'}
<la₂>-NI;{'n'}
AN;{'ŋar[place]', 'AN', 'zu[material]', 'u', 'PN', 'a[arm]', 'gu[cord]', 'X'}
AN#;{'AN'}
AN#?;{'AN'}
AN?;{'u'}
ARAD₂#?-{d}nanna;{'sukkalmah[official]'}
ARAD₂-[x;{'u'}
ARAD₂-hul₃?-la;{'ŋar[place]'}
ARAD₂-mu;{'AN', 'sukkalmah[official]', 'u', 'PN', 'šabra[administrator]', 'šagia[cup-bearer]', 'gala[singer]', 'ugula[overseer]', 'dumu[child]', 'ensik[ruler]', 'sukkal[secretary]', 'MAR.TU[westerner]', 'kuš[official]'}
ARAD₂-re-[eb;{'AN'}
ARAD₂-{d}ba#?-[ba₆;{'dumu[child]'}
ARAD₂-{d}ba-ba₆;{'lu[person]'}
ARAD₂-{d}nanna;{'dubsar[scribe]', 'sukkalmah[official]', 'u', 'šagia[cup-bearer]', 'kurušda[fattener]', 'dumu[child]', 'ensik[ruler]', 'sukkal[secretary]', 'nubanda[overseer]', 'muhaldim[cook]'}
ARAD₂-{d}nanna#?;{'sukkalmah[official]'}
AŠ;{'u', 'ur[pluck]'}
EN;{'zu[material]'}
EN#;{'AN'}
HI-da;{'gal[big]', 'X'}
IŠ;{'AN', 'tug[textile]'}
KA-[...];{'ur[pluck]'}
KU-x;{'du[go]'}
MUŠ₃;{'du[go]'}
NE-NE;{'AN', 'ensik[ruler]'}
NE-mu-ša-ni-mu;{'lu[person]'}
NE-ša-ah-dingir;{'muhaldim[cook]'}
PI-bi₂-il;{'MAR.TU[westerner]'}
PI-tum-bi;{'n'}
SI-A-a;{'nubanda[overseer]', 'malah[sailor]'}
SIG₇;{'PN'}
UŠ-a-a;{'šeš[brother]'}
[...]-a;{'udu[sheep]', 'n', 'nubanda[overseer]', 'hulu[bad]'}
[...]-ar!;{'kuš[official]'}
[...]-bi;{'n'}
[...]-da;{'dubsar[scribe]', 'u'}
[...]-da#!;{'nagada[herdsman]'}
[...]-da-ni;{'AN'}
[...]-du;{'šagia[cup-bearer]', 'ŋiri[foot]'}
[...]-du₁₀#;{'sukkal[secretary]'}
[...]-eš₁₈-dar;{'nubanda[overseer]'}
[...]-ga;{'FN'}
[...]-ga#;{'TN', 'DN'}
[...]-ga-ra;{'dubsar[scribe]'}
[...]-gal;{'uš[die]', 'sukkal[secretary]'}
[...]-i₃-li₂;{'nubanda[overseer]'}
[...]-ka;{'AN'}
[...]-ka#;{'ŋal[be]'}
[ARAD₂-{d}]nanna;{'sukkalmah[official]'}
[ARAD₂?]-{d#}nanna;{'sukkal[secretary]'}
[ARAD₂]-{d}nanna;{'sukkalmah[official]', 'ensik[ruler]', 'sukkal[secretary]'}
[ARAD₂]-{d}šara₂;{'unud[cowherd]'}
[a-ba]-{d}en-lil₂-gin₇;{'PN'}
[a-hu-a];{'e[house]'}
[a-hu]-ni;{'šagia[cup-bearer]'}
[a-hu]-ni#;{'dumu[child]'}
[a-mur]-dingir;{'lu[person]'}
[a?]-bu-du₁₀;{'nubanda[overseer]'}
[a?]-kal#-la;{'u'}
[a]-a-kal-la;{'ensik[ruler]'}
[a]-bu#-du₁₀;{'lu[person]'}
[a]-bu-um-dingir;{'dumu[child]'}
[a]-hu-a;{'e[house]'}
[a]-kal-la;{'kurušda[fattener]'}
[an-nu]-ni-tum;{'šag[heart]'}
[a₂-bi₂-la-tum;{'AN'}
[a₂]-bi₂-la-num₂;{'nubanda[overseer]'}
[ba-mu;{'X'}
[bur]-ma-ma;{'damgar[merchant]'}
[dam]-ki-na;{'šeš[brother]'}
[dingir?]-dan;{'AN'}
[dingir]-ba-ni;{'sipad[shepherd]'}
[dingir]-dan;{'sukkal[secretary]'}
[dingir]-dan#;{'sukkal[secretary]'}
[du₁₁-ga]-zi-da;{'u'}
[e-te-il]-pu₃-{d}da-gan;{'ŋuruš[male]'}
[en-mah]-gal-an-[na;{'en[priest]'}
[eš₃]-ta-ab-e₃;{'šidim[builder]'}
[ga-da-bi;{'lu[person]'}
[giri₃]-lugal-iti-da;{'AN'}
[ha]-ba-ba-tum;{'muhaldim[cook]'}
[i-me-er;{'nubanda[overseer]'}
[i]-ku-pi₄-{d}utu;{'dubsar[scribe]'}
[i]-mi-id-eš₁₈-dar;{'kuš[official]'}
[igi-kar₂;{'u'}
[igi-kar₂];{'PN'}
[igi]-kar₂#;{'PN'}
[in-ta-e₃-a];{'PN'}
[in]-ta-e₃-a;{'PN'}
[ip]-qu₂-ša;{'šarrabdu[administrator]', 'abba[father]'}
[it]-ra-ak-i₃-li₂;{'lu[person]'}
[i₃-li₂-{d}da-gan];{'lu[person]'}
[ka-...];{'ensik[ruler]'}
[ku]-ba#-tum;{'emeda[nursemaid]'}
[la-a-a;{'ud[sun]'}
[la-na;{'kurušda[fattener]'}
[la-na];{'kurušda[fattener]'}
[lugal-inim-gi-na;{'sukkal[secretary]'}
[lugal-ku₃-zu;{'šabra[administrator]'}
[lugal]-ezem#;{'nubanda[overseer]'}
[lu₂-u₁₈]-um;{'niga[fattened]'}
[lu₂-{d}nanna;{'FN'}
[lu₂-{d}nin-gir₂-su;{'kurušda[fattener]'}
[lu₂]-dingir-ra;{'šabra[administrator]'}
[lu₂]-sa₆-ga;{'šabra[administrator]'}
[ma]-at#-i₃-li₂;{'sukkal[secretary]'}
[ma]-at-i₃-li₂;{'ama[mother]'}
[mar]-hu-ni#;{'lu[person]'}
[maš-tur;{'šagia[cup-bearer]'}
[maš-tur];{'šagia[cup-bearer]'}
[maš]-tur;{'šagia[cup-bearer]'}
[na-lu₅];{'PN'}
[na-sa₆];{'kurušda[fattener]', 'PN'}
[na]-ab-la-nu-um;{'MAR.TU[westerner]'}
[na]-ap-la-nu-um;{'MAR.TU[westerner]'}
[na]-ap-la-num₂?;{'MAR.TU[westerner]'}
[ni]-gar₃-{d}šu-{d}suen;{'ragaba[rider]'}
[ni]-im#-zi;{'lu[person]'}
[nu-ur₂-eš₁₈-dar;{'nubanda[overseer]'}
[nu]-ur₂-{d}iškur;{'šagia[cup-bearer]'}
[nu]-ur₂-{d}suen;{'dubsar[scribe]'}
[ra-ši];{'lu[person]'}
[ur-{d}]ba-ba₆;{'muhaldim[cook]'}
[ur-{d}šul-pa-e₃;{'PN'}
[ur-{d}šul]-pa-e₃;{'dubsar[scribe]'}
[ur-šu];{'muhaldim[cook]'}
[ur]-me-me;{'nagada[herdsman]'}
[ur]-mes;{'ensik[ruler]'}
[ur]-nig₂;{'dubsar[scribe]'}
[ur]-sa₆#-ga;{'lu[person]'}
[ur]-sa₆-ga;{'šabra[administrator]'}
[ur]-tilla₅;{'FN'}
[ur]-{d}ba-ba₆;{'muhaldim[cook]'}
[ur]-{d}da-mu;{'ragaba[rider]'}
[ur]-{d}lamma;{'dubsar[scribe]'}
[ur]-{d}šul-gi-ra;{'šarrabdu[administrator]'}
[wa]-da-ru-um;{'FN'}
[x-{d}]ig-alim;{'kurušda[fattener]'}
[x]-KA;{'kurušda[fattener]'}
[x]-{d}šul-gi;{'šabra[administrator]'}
[{d}]amar#-{d}suen;{'lugal[king]'}
[{d}]en#-lil₂-la₂;{'dim[create]'}
[{d}]gu₂-la₂;{'šag[heart]'}
[{d}]nanna#-igi-du;{'šagia[cup-bearer]'}
[{d}]nanna-igi-du;{'šagia[cup-bearer]'}
[{d}]suen#-a-bu-šu;{'šagia[cup-bearer]'}
[{d}]suen-a-bu-šu;{'šagia[cup-bearer]'}
[{d}]utu-bar-ra;{'unud[cowherd]'}
[{d}]šu-{d}suen-la-ma-ha-ar;{'šagia[cup-bearer]'}
[{d}]šul#-gi-[ke₄;{'gub[stand]'}
[{d}]šul-gi-{d}lamma-mu;{'kuš[official]'}
[{d}en-lil₂]-la₂;{'dim[create]'}
[{d}en-lil₂]-la₂#;{'WN'}
[{d}en]-ki;{'du[spread]'}
[{d}en]-lil₂-la₂;{'dim[create]'}
[{d}nanna-kam];{'sukkal[secretary]'}
[{d}nanna-ma]-ba;{'dubsar[scribe]'}
[{d}suen]-a-bu-šu;{'šagia[cup-bearer]'}
[{d}utu-he₂-du₇];{'FN'}
[{d}šu-{d}]suen#-la-ma-ha-ar;{'šagia[cup-bearer]'}
[{d}šu-{d}suen-la]-ma-ha-ar;{'šagia[cup-bearer]'}
[{d}šul]-gi#-si₂-im-ti#;{'AN'}
[{d}šul]-gi-i₃-li₂;{'PN'}
[{d}šul]-gi-ra;{'e[house]'}
[šar-ru]-um-i₃-li₂;{'sukkal[secretary]'}
[šeš]-da#-da;{'FN'}
[šeš]-da-da;{'FN'}
[šeš]-zi-mu;{'šabra[administrator]'}
[šu-da-da];{'nagada[herdsman]'}
[šu-{d}šul]-gi;{'šuʾi[barber]'}
[šu]-eš₁₈#-dar;{'uddatuš[jester]'}
[šu]-eš₁₈-dar;{'unud[cowherd]'}
[šu]-ma-ma;{'ensik[ruler]'}
a!-bi₂-du₁₀;{'ragaba[rider]'}
a!-hu-ni;{'šagia[cup-bearer]'}
a#-[hu-ni;{'šagia[cup-bearer]'}
a#-hu#-ma;{'ensik[ruler]'}
a#-hu#-ni;{'šagia[cup-bearer]'}
a#-hu#-ni#-ta#;{'PN'}
a#-mur#-dingir#;{'ragaba[rider]'}
a#?-du-du;{'šabra[administrator]'}
a-[x;{'u'}
a-a-[kal-la];{'ensik[ruler]'}
a-a-dingir;{'de[pour]'}
a-a-dingir-mu;{'šagia[cup-bearer]'}
a-a-i₃-li₂-šu;{'u'}
a-a-kal#-la#;{'muhaldim[cook]'}
a-a-kal-[la;{'u'}
a-a-kal-la;{'nagada[herdsman]', 'lu[person]', 'unud[cowherd]', 'ugula[overseer]', 'sipad[shepherd]', 'šagia[cup-bearer]', 'kurušda[fattener]', 'ensik[ruler]', 'nubanda[overseer]', 'muhaldim[cook]'}
a-a-kal-la#;{'nubanda[overseer]'}
a-a-mu;{'namerim[oath]', 'ugula[overseer]', 'šabra[administrator]'}
a-a-mu#;{'šabra[administrator]'}
a-a-x-x;{'AN'}
a-ab-ba-a;{'unud[cowherd]', 'ensik[ruler]'}
a-ab-ba-mu;{'kuš[official]'}
a-ab-ba-ni;{'FN'}
a-ab-mi-ra-din;{'lu[person]'}
a-ab-{d}šul-gi;{'dumu[child]'}
a-ad-[da];{'uddatuš[jester]'}
a-ad-da;{'uddatuš[jester]', 'mu[year]'}
a-ad-da-a;{'PN'}
a-ad-da-mu;{'dumu[child]'}
a-al-la;{'AN', 'muhaldim[cook]'}
a-al-la-mu;{'PN'}
a-an-na-ti;{'sukkal[secretary]'}
a-ba-ar-du-uk;{'sukkal[secretary]'}
a-ba-ba;{'nubanda[overseer]'}
a-ba-e-ne-gin₇;{'lu[person]'}
a-ba-nam-tag-in-BAD;{'munus[woman]'}
a-ba-ni;{'ragaba[rider]'}
a-ba-pu-um;{'muhaldim[cook]'}
a-ba-u₃;{'MAR.TU[westerner]'}
a-ba-{d}en-lil₂#-gin₇;{'PN'}
a-ba-{d}en-lil₂-[gin₇;{'mu.DU[delivery]', 'PN'}
a-ba-{d}en-lil₂-gin₇;{'X', 'dumu[child]', 'ragaba[rider]', 'PN'}
a-bi₂-UD-IŠ?;{'MAR.TU[westerner]'}
a-bi₂-a;{'uš[die]', 'dumu[child]', 'lu[person]'}
a-bi₂-a-bi-ih;{'šagia[cup-bearer]'}
a-bi₂-a-bi₂-ih;{'šagia[cup-bearer]'}
a-bi₂-a-mu-ti;{'MAR.TU[westerner]'}
a-bi₂-a-ti#?;{'AN'}
a-bi₂-du₁₀;{'lu[person]'}
a-bi₂-iš-ki-in;{'dumu[child]'}
a-bi₂-ki-in;{'lu[person]'}
a-bi₂-si₂-<im>-ti;{'nin[lady]'}
a-bi₂-si₂-im-ti;{'DN', 'GN', 'u', 'nin[lady]', 'X', 'ud[sun]'}
a-bi₂-zu;{'ragaba[rider]'}
a-bu-bu;{'idu[doorkeeper]'}
a-bu-du₁₀;{'agaʾus[soldier]', 'nubanda[overseer]', 'lu[person]'}
a-bu-du₁₀!;{'kul[collect]'}
a-bu-ni;{'šakkanak[general]'}
a-bu-um-dingir;{'dubsar[scribe]', 'AN'}
a-da#-a;{'PN'}
a-da-a;{'nubanda[overseer]', 'lu[person]', 'u', 'PN'}
a-da-a-ka;{'nud[lie]'}
a-da-gal;{'sukkal[secretary]'}
a-da-gal#?;{'AN'}
a-da-lal₃;{'nagada[herdsman]', 'AN', 'lu[person]', 'unud[cowherd]', 'ugula[overseer]', 'šabra[administrator]', 'u', 'engar[farmer]', 'u[and]', 'šagia[cup-bearer]', 'dumu[child]', 'ragaba[rider]', 'n', 'X', 'kuš[official]'}
a-da-lal₃!;{'nubanda[overseer]', 'šabra[administrator]'}
a-da-lal₃#?;{'PN'}
a-da-lal₃?;{'kaguruk[supervisor]'}
a-da-na-ah;{'mušendu[bird-catcher]', 'sipad[shepherd]'}
a-da-tum;{'šakkanak[general]', 'lu[person]'}
a-ga-num₂;{'nar[musician]'}
a-giri₁₇-zal;{'simug[smith]'}
a-gu-a;{'nagada[herdsman]', 'kurušda[fattener]', 'kul[collect]', 'erin[people]', 'šidim[builder]', 'kuš[official]'}
a-gu-a-ni;{'nubanda[overseer]'}
a-gu-du;{'agaʾus[soldier]'}
a-gu-gu#;{'AN'}
a-ha-an-ni-šu;{'muhaldim[cook]'}
a-ha-an-si-bu;{'X', 'lu[person]'}
a-ha-an-ti-bu;{'lu[person]'}
a-ha-ni-šu;{'šarrabdu[administrator]', 'nubanda[overseer]', 'muhaldim[cook]'}
a-hi-ma;{'kurušda[fattener]'}
a-hu!-ni;{'šagia[cup-bearer]'}
a-hu-[...];{'u[and]', 'ensik[ruler]'}
a-hu-a;{'e[house]', 'šeš[brother]', 'šabra[administrator]', 'sipad[shepherd]', 'FN', 'dumu[child]', 'mu[year]', 'ensik[ruler]', 'nubanda[overseer]', 'muhaldim[cook]'}
a-hu-a-li₂;{'nagada[herdsman]', 'nubanda[overseer]'}
a-hu-a-ti;{'azu[doctor]'}
a-hu-du₁₀;{'engar[farmer]', 'kurušda[fattener]', 'mu[year]', 'PN'}
a-hu-ma;{'ensik[ruler]'}
a-hu-ni;{'nagada[herdsman]', 'AN', 'lu[person]', 'ak[do]', 'nagar[carpenter]', 'kuš[official]', 'malah[sailor]', 'min[two]', 'PN', 'sipad[shepherd]', 'šagia[cup-bearer]', 'idu[doorkeeper]', 'FN', 'dumu[child]', 'engar[farmer]', 'sukkal[secretary]', 'nubanda[overseer]', 'gin[firm]'}
a-hu-um;{'unud[cowherd]'}
a-hu-um#;{'FN'}
a-hu-um-ba-ni;{'ensik[ruler]'}
a-hu-um-dingir;{'lu[person]'}
a-hu-um-ma;{'ensik[ruler]'}
a-hu-um-ma!;{'ugula[overseer]'}
a-hu-wa!(IGI)-qar#;{'šarrabdu[administrator]'}
a-hu-wa-[qar];{'šarrabdu[administrator]'}
a-hu-wa-qar;{'šarrabdu[administrator]', 'dubsar[scribe]', 'dumu[child]', 'ensik[ruler]', 'sukkal[secretary]', 'nubanda[overseer]', 'kuš[official]'}
a-hu-we#-er#-[ta;{'PN'}
a-hu-we-er;{'X', 'PN'}
a-hu-we-er-[ta;{'PN'}
a-hu-šu-ni;{'agaʾus[soldier]', 'sukkal[secretary]'}
a-i₃-li₂-su;{'ugula[overseer]'}
a-kal-la;{'dubsar[scribe]', 'ed[ascend]', 'muhaldim[cook]'}
a-ki-a;{'šagia[cup-bearer]', 'nubanda[overseer]'}
a-la-la-a;{'nar[musician]'}
a-la-ru-um;{'sipad[shepherd]'}
a-lal₃-la-lum;{'X'}
a-li-ba-nu-uk-ša-ba-aš;{'ensik[ruler]'}
a-li₂-ah;{'šabra[administrator]'}
a-lu-a;{'šabra[administrator]'}
a-lum-me-il-lum;{'MAR.TU[westerner]'}
a-ma;{'tur[small]'}
a-ma-an-ne-en;{'sukkal[secretary]'}
a-mi-ir-{d}šul-gi;{'FN'}
a-mu#-a;{'kul[collect]'}
a-mu-a;{'nubanda[overseer]', 'kul[collect]'}
a-mur#-dingir#;{'ragaba[rider]'}
a-mur-dingir;{'ragaba[rider]', 'lu[person]'}
a-mur-dingir-lum;{'nubanda[overseer]'}
a-mur-e₂-a;{'u[and]', 'šakkanak[general]'}
a-mur-{d}suen;{'muhaldim[cook]', 'šabra[administrator]', 'ensik[ruler]'}
a-mur-{d}šul-gi;{'u[and]', 'lu[person]'}
a-na-da-hul;{'munus[woman]'}
a-na-nu-um-dingir;{'MAR.TU[westerner]'}
a-na-ti;{'ugula[overseer]', 'sukkal[secretary]'}
a-na-tum;{'ummia[expert]'}
a-na-um-ma;{'X'}
a-ni-ni;{'u'}
a-pi-la-ša;{'u'}
a-ra;{'n'}
a-ri#-du#-bu-uk;{'lu[person]'}
a-ri-du-bu-uk;{'lu[person]'}
a-ri-ib-a-tal;{'dumu[child]'}
a-ri-ib-hu-ub-bi;{'lu[person]'}
a-ri-za-nu-um;{'MAR.TU[westerner]'}
a-ri₂-lum;{'kugbabbar[silver]'}
a-ri₂-x;{'u'}
a-ta₂-kal₂-šum;{'uddatuš[jester]'}
a-ti;{'sukkal[secretary]'}
a-ti-da;{'lu[person]'}
a-tu!(SAR);{'šagia[cup-bearer]'}
a-tu-ma-ma;{'malah[sailor]'}
a-tu-ra;{'sug[replace]'}
a-u₃-da-il;{'MAR.TU[westerner]'}
a-wa-an;{'MAR.TU[westerner]'}
a-wa-ar;{'ragaba[rider]'}
a-wa-ar-ka;{'sukkal[secretary]'}
a-wa-at-i₃-li₂;{'duh[bran]', 'u'}
a-wi-te-el₄;{'MAR.TU[westerner]'}
a-x;{'u'}
a-za;{'engar[farmer]', 'lu[person]'}
a-za-ba-an;{'dumu[child]'}
a-ši-ri₂-da;{'ugula[overseer]'}
a]-ab-ba-ni;{'FN'}
a]-bi₂-si₂-im-ti;{'tug[textile]'}
a]-hu-we-er-ta!;{'PN'}
a]-kal#-[la];{'ensik[ruler]'}
ab#-ba-sa₆#-ga#;{'PN'}
ab#-ba-sa₆-[ga];{'PN'}
ab#-ba-sa₆-ga;{'PN'}
ab#-ba-sa₆-ga-ta#;{'PN'}
ab-[ba-kal-la?];{'dubsar[scribe]'}
ab-ba#-sa₆#-ga;{'PN'}
ab-ba-[sa₆-ga];{'PN'}
ab-ba-[sa₆]-ga;{'PN'}
ab-ba-a;{'agaʾus[soldier]'}
ab-ba-gi-na;{'unud[cowherd]', 'dumu[child]'}
ab-ba-kal-la;{'nagada[herdsman]', 'šeš[brother]', 'ŋiri[foot]', 'dubsar[scribe]', 'PN', 'sipad[shepherd]', 'engar[farmer]', 'ud[sun]'}
ab-ba-mu;{'sukkal[secretary]', 'damgar[merchant]', 'šabra[administrator]', 'šeš[brother]'}
ab-ba-mu#;{'damgar[merchant]'}
ab-ba-ni-ir;{'kaš[beer]'}
ab-ba-sa₆#-ga;{'PN'}
ab-ba-sa₆-<ga>;{'PN'}
ab-ba-sa₆-[a];{'PN'}
ab-ba-sa₆-[ga;{'dumu[child]'}
ab-ba-sa₆-[ga];{'PN'}
ab-ba-sa₆-ga;{'AN', 'ŋal[be]', 'u', 'PN', 'de[bring]', 'dumu[child]', 'sukkal[secretary]'}
ab-ba-sa₆-ga-<ta>;{'PN'}
ab-ba-sa₆-ga-ka;{'ŋar[place]'}
ab-ba-sa₆-ga-še₃;{'gur[turn]'}
ab-ba-sa₆-ga];{'PN'}
ab-ba-sa₆]-ga-[ta];{'PN'}
ab-e₃;{'PN'}
ab]-ba-sa₆#-[ga-ta];{'PN'}
ab]-ba-sa₆-[ga-ta];{'PN'}
ad#-da#-sa₆-ga;{'agaʾus[soldier]'}
ad#-da-kal#-[la];{'ugula[overseer]'}
ad-[...];{'u'}
ad-[da]-gu#-[la];{'dubsar[scribe]'}
ad-da-[bu-ni]-hu-tah;{'lu[person]'}
ad-da-bu-ni;{'lu[person]'}
ad-da-gi-na;{'lu[person]', 'ensik[ruler]'}
ad-da-gi-na#;{'ensik[ruler]'}
ad-da-kal-la;{'dubsar[scribe]', 'šarrabdu[administrator]', 'dumu[child]', 'ugula[overseer]', 'ušbar[weaver]'}
ad-da-mu;{'šagia[cup-bearer]', 'nukirik[gardener]', 'lu[person]'}
ad-da-mu#;{'šagia[cup-bearer]'}
ad-da-sa₆-ga;{'agaʾus[soldier]'}
ad-da-tur;{'AN', 'PN'}
ad-du;{'dam[spouse]'}
ad-du-na;{'lu[person]'}
ad-ga-nu-um;{'MAR.TU[westerner]'}
ad-gi;{'du[build]'}
ad-lal₃;{'šagia[cup-bearer]'}
ad?-da-kal-la;{'dumu[child]'}
ah-ba-bu;{'MAR.TU[westerner]'}
al#-la#-x;{'AN'}
al-la;{'MAR.TU[westerner]', 'unud[cowherd]', 'X', 'lu[person]'}
al-la#;{'FN'}
al-la#-mu;{'ud[sun]'}
al-la-gi-na;{'sukkal[secretary]'}
al-la-mu;{'santanak[gardener]', 'PN', 'šuʾi[barber]', 'kurušda[fattener]', 'sukkal[secretary]', 'nubanda[overseer]', 'X', 'hazanum[mayor]'}
al-la-ša-ru-um;{'dumumunus[daughter]', 'emeda[nursemaid]'}
am-ma-ti;{'nubanda[overseer]'}
am-ne-zu;{'engar[farmer]'}
am?-ti;{'dumu[child]'}
ama-[zi-mu];{'šabra[administrator]'}
ama-bara₂;{'nin[sister]'}
ama-na-a;{'nubanda[overseer]'}
ama-zi-mu;{'šabra[administrator]'}
amar-ku₃;{'AN'}
amar-ma-ma;{'nubanda[overseer]', 'damgar[merchant]'}
amar-suen;{'e[house]'}
amar-zi-mu;{'šabra[administrator]'}
amar-{d}da-mu;{'dumu[child]', 'ensik[ruler]'}
amar-{d}suen#;{'GN'}
amar-{d}šul-gi-ra;{'FN'}
an-da-TAG#?;{'mu[year]'}
an-e₂-il;{'MAR.TU[westerner]'}
an-hi-ir;{'kurušda[fattener]', 'ŋal[be]'}
an-na-hi-li;{'šarrabdu[administrator]'}
an-na-hi-li-bi;{'kurušda[fattener]'}
an-na-tal;{'lu[person]'}
an-ne!;{'PN'}
an-ne₂;{'kurušda[fattener]', 'kuš[official]'}
an-ne₂-ba;{'AN'}
an-ne₂-ba-ab-du₇;{'ummia[expert]'}
an-ne₂-ba-du₇;{'kurušda[fattener]'}
an-nu#-ni-tum#;{'GN'}
an-nu-ni-tum;{'hursaŋ[mountain]', 'GN', 'šag[heart]'}
an-ti-a;{'lu[person]'}
aq-ba-ni;{'lu[person]'}
ar#-ši-ah#;{'šabra[administrator]'}
ar-bi-ma-az-bi;{'lu[person]'}
ar-bi₂-gi₄;{'agaʾus[soldier]'}
ar-pa₂-tal;{'lu[person]'}
ar-pa₂-tal?;{'lu[person]'}
ar-wi-lu-ug-bi;{'lu[person]'}
ar-za-nu-um;{'X'}
ar-ši-[ah];{'ensik[ruler]'}
ar-ši-ah;{'šabra[administrator]', 'nubanda[overseer]', 'ensik[ruler]', 'lu[person]'}
ar-ši-ah!;{'ensik[ruler]'}
ar-ši-ah#;{'šabra[administrator]'}
ar-ši-ku;{'lu[person]'}
ar-ši-ku-uk-bi;{'lu[person]'}
az-bu;{'AN'}
aš₂-nun{ki}-ka;{'GN'}
a₂!(DA)-ge₆-il₂-la;{'FN'}
a₂#-ge₆#-ba-a;{'ud[sun]'}
a₂#-ge₆-il₂-[la;{'u'}
a₂#-ni-a₂;{'sukkal[secretary]'}
a₂-[ni]-a₂;{'sukkal[secretary]'}
a₂-an-za;{'kugbabbar[silver]'}
a₂-bi₂-la-num₂;{'MAR.TU[westerner]', 'nubanda[overseer]'}
a₂-bi₂-la-ti;{'nubanda[overseer]'}
a₂-bi₂-la-tum;{'kurušda[fattener]'}
a₂-bi₂-la-tum#;{'kurušda[fattener]'}
a₂-bi₂-la-ša;{'ensik[ruler]'}
a₂-bi₂-li₂;{'u', 'u[and]', 'kurušda[fattener]', 'FN', 'agaʾus[soldier]', 'dikud[judge]', 'ragaba[rider]', 'dumu[child]', 'kul[collect]', 'ad.KID[weaver]', 'kuš[official]'}
a₂-bi₂-li₂-a;{'nubanda[overseer]', 'X', 'šabra[administrator]', 'gugal[inspector]'}
a₂-bi₂-lum;{'MAR.TU[westerner]', 'dumu[child]'}
a₂-bi₂-lum-ma;{'šarrabdu[administrator]', 'azu[doctor]', 'nubanda[overseer]', 'u[and]'}
a₂-bu-ru-ru-ma;{'X'}
a₂-dingir-ga₂;{'ragaba[rider]'}
a₂-du-du;{'ŋiri[foot]'}
a₂-ge₆-ba-a;{'lugal[king]', 'ud[sun]'}
a₂-gu₄;{'gud[ox]'}
a₂-ha-pa₂-tal;{'lu[person]'}
a₂-na-na;{'ara[times]', 'ugula[overseer]', 'PN'}
a₂-nu-nu;{'nagada[herdsman]'}
a₂-pi-li₂-a;{'dumu[child]'}
a₂-u₂-u₂;{'sipad[shepherd]'}
a₂-zi-da-ka;{'ŋal[be]'}
a₂-{d}inanna;{'dumu[child]'}
a₂]-ni-id;{'sukkal[secretary]'}
ba#-na#-na#;{'lu[person]'}
ba-[...];{'ŋiri[foot]', 'u'}
ba-[x;{'u'}
ba-a;{'ensik[ruler]', 'sukkal[secretary]'}
ba-a-a;{'nubanda[overseer]', 'sukkal[secretary]'}
ba-a-ba-lum;{'kuš[official]'}
ba-a-ga;{'kurušda[fattener]'}
ba-a-la-a;{'nubanda[overseer]'}
ba-a-mu;{'šagia[cup-bearer]'}
ba-a-na-tum;{'lu[person]'}
ba-ak-i₃-li₂-a;{'nar[musician]'}
ba-ak-ti;{'X'}
ba-an-zi-ge;{'unud[cowherd]'}
ba-ar-ba-na-zu;{'X'}
ba-aš-ti;{'eʾudu[sheephouse]'}
ba-ba-an-še-[en;{'šagia[cup-bearer]'}
ba-ba-an-še-en;{'šagia[cup-bearer]'}
ba-ba-an-še-en₆;{'šagia[cup-bearer]'}
ba-ba-lum;{'kuš[official]'}
ba-ba-ti;{'agaʾus[soldier]', 'u', 'šeš[brother]'}
ba-ba-za;{'munus[woman]'}
ba-er;{'ki[place]', 'mu[year]'}
ba-ga-tum;{'šabra[administrator]'}
ba-gu-um;{'mušendu[bird-catcher]', 'X'}
ba-la-a;{'u'}
ba-la-la;{'dumu[child]', 'nar[musician]', 'lu[person]', 'ud[sun]'}
ba-mu;{'nubanda[overseer]', 'ensik[ruler]'}
ba-na-na;{'lu[person]'}
ba-na-nu-um;{'nubanda[overseer]'}
ba-ni#;{'MN'}
ba-ni-lum;{'AN'}
ba-num₂;{'MAR.TU[westerner]'}
ba-ri-a-šum;{'lu[person]'}
ba-sag?;{'gunu[speckled]'}
ba-sa₆;{'kurušda[fattener]', 'sukkal[secretary]'}
ba-sa₆-ga;{'damgar[merchant]'}
ba-tu-uk-ra-ad;{'dumu[child]'}
ba-x;{'mu.DU[delivery]', 'u'}
ba-za-mu;{'ensik[ruler]'}
ba-za-ti-a;{'nubanda[overseer]'}
ba-za-za;{'AN', 'sukkal[secretary]', 'kuš[official]'}
ba-zi;{'gun[load]', 'AN', 'itud[moon]', 'sipad[shepherd]', 'šag[heart]', 'ud[sun]'}
ba-šu#?-u₂;{'damgar[merchant]'}
be#-li₂#-dan;{'X'}
be-li₂-a;{'dubsar[scribe]'}
be-li₂-a-ri₂-ik;{'ki[place]', 'u[and]'}
be-li₂-a-ri₂-ik#;{'ensik[ruler]'}
be-li₂-a-zu;{'dubsar[scribe]'}
be-li₂-ba-ni;{'u[and]', 'FN', 'lu[person]'}
be-li₂-du₁₀;{'kurušda[fattener]', 'ragaba[rider]', 'muhaldim[cook]', 'uddatuš[jester]'}
be-li₂-i₃-li₂;{'ragaba[rider]', 'u', 'PN'}
be-li₂-kal;{'kuš[official]'}
be-li₂-šar;{'lu[person]'}
be₆-bu-ru;{'galamah[singer]'}
bi-in-gu-bi-iš;{'kurušda[fattener]'}
bil₂-li;{'lu[person]'}
bi₂-bi₂;{'dam[spouse]', 'šabra[administrator]'}
bi₂-bi₂-a;{'maššugidgid[diviner]', 'nubanda[overseer]', 'lu[person]'}
bi₂-bi₂-a#;{'maššugidgid[diviner]'}
bi₂-du₁₁-i₃-sa₆;{'ragaba[rider]', 'sukkal[secretary]'}
bi₂-na-tum;{'dumu[child]'}
bi₂-za-ti;{'nubanda[overseer]'}
bi₂-zu-a;{'nin[sister]'}
bu-bu;{'nubanda[overseer]'}
bu-du-ur₂;{'lu[person]'}
bu-ku-[šum];{'ragaba[rider]'}
bu-ku-šum;{'nubanda[overseer]', 'ragaba[rider]', 'šabra[administrator]'}
bu-la-lum;{'šagia[cup-bearer]'}
bu-la-mu;{'unud[cowherd]'}
bu-lu-lu;{'lu[person]'}
bu-ri₂-tum;{'GN'}
bu-zu-a;{'lu[person]'}
bu-zu-zu;{'šagia[cup-bearer]'}
bu-ša-am;{'lu[person]', 'sukkal[secretary]', 'ensik[ruler]'}
bu-ša-am?;{'sukkal[secretary]'}
bur-ma-ma;{'nubanda[overseer]', 'AN', 'damgar[merchant]', 'sukkal[secretary]'}
bur-na-zu;{'mu[year]'}
bur-{d}iškur;{'nubanda[overseer]'}
bur-{d}mer;{'nubanda[overseer]'}
bu₃-ka-ka;{'simug[smith]'}
bu₃-lu₅;{'PN'}
bu₃-lu₅-lu₅;{'PN'}
bu₃-u₂-da-a;{'damgar[merchant]'}
bu₃-ša-am;{'lu[person]', 'sukkal[secretary]'}
bu₃-šu-du;{'lu[person]'}
bu₃?-ša-am;{'lu[person]'}
da-[...];{'ensik[ruler]'}
da-a-a;{'AN', 'šeš[brother]', 'u', 'šabra[administrator]', 'PN', 'sukkal[secretary]', 'nubanda[overseer]'}
da-a-a-ni;{'X', 'muhaldim[cook]'}
da-a-a-ti;{'dubsar[scribe]'}
da-a-da;{'kurušda[fattener]'}
da-a-ga;{'ŋal[be]'}
da-a-ti;{'dubsar[scribe]', 'kuš[official]'}
da-a-zi;{'lu[person]'}
da-a-zi-te;{'lu[person]'}
da-a-zi-te#;{'lu[person]'}
da-bad₃-da;{'X', 'PN'}
da-da-<ga>;{'ensik[ruler]'}
da-da-a;{'susig[flayer]', 'šarrabdu[administrator]', 'nubanda[overseer]', 'u', 'sukkal[secretary]'}
da-da-ga;{'ŋar[place]', 'nubanda[overseer]', 'ensik[ruler]'}
da-da-mu;{'dubsar[scribe]'}
da-da-ni;{'dubsar[scribe]', 'X', 'ensik[ruler]'}
da-da-u₃-x;{'u'}
da-ga;{'dumu[child]'}
da-gi;{'ugula[overseer]'}
da-hu-ni;{'X'}
da-num₂;{'nubanda[overseer]'}
da-ri₂-iš-ma-tum;{'emeda[nursemaid]'}
da-sal-ib-ri;{'lu[person]'}
da-šu-ug;{'X'}
dabₓ(U₈)-ba;{'PN'}
dam-ga-na#?;{'AN'}
dan-na-li;{'lu[person]'}
dan-num₂;{'šeš[brother]'}
dara₃-abzu;{'du[spread]'}
dara₃-abzu#;{'AN'}
di-ku₅-i₃-li₂;{'amarga[calf]', 'damgar[merchant]', 'muhaldim[cook]'}
dingir#-dan;{'sukkal[secretary]'}
dingir#-kal;{'nubanda[overseer]'}
dingir-DI-ma-at;{'šagia[cup-bearer]'}
dingir-DI?-ma-at;{'šagia[cup-bearer]'}
dingir-[kal];{'sukkal[secretary]'}
dingir-a-hi;{'lu[person]'}
dingir-a-zu;{'nubanda[overseer]', 'u', 'sukkal[secretary]'}
dingir-ba-[ni];{'sipad[shepherd]'}
dingir-ba-ni;{'nagada[herdsman]', 'AN', 'šabra[administrator]', 'PN', 'sipad[shepherd]', 'šagia[cup-bearer]', 'ensik[ruler]', 'sukkal[secretary]', 'hazanum[mayor]', 'nubanda[overseer]', 'X', 'muhaldim[cook]'}
dingir-dan;{'nagada[herdsman]', 'dubsar[scribe]', 'ŋiri[foot]', 'šabra[administrator]', 'PN', 'sukkal[secretary]', 'MAR.TU[westerner]', 'nubanda[overseer]', 'muhaldim[cook]'}
dingir-illat;{'dumu[child]'}
dingir-kal;{'sukkal[secretary]'}
dingir-kal-la;{'dubsar[scribe]'}
dingir-ki-ma-at;{'uš[die]', 'n'}
dingir-ku-zi-ri₂;{'muhaldim[cook]'}
dingir-la-ni;{'dumu[child]'}
dingir-li-li₂;{'dumu[child]'}
dingir-lugal#;{'AN'}
dingir-ra-bi₂;{'mu[year]', 'nubanda[overseer]', 'lu[person]', 'unud[cowherd]'}
dingir-sa₆-ga;{'unud[cowherd]'}
dingir-su-dan;{'arad[slave]'}
dingir-su-ra-bi₂;{'nubanda[overseer]', 'kuš[official]'}
dingir-sukkal;{'muhaldim[cook]', 'nubanda[overseer]', 'lu[person]'}
dingir-su₂-ra-bi₂;{'sipad[shepherd]'}
dingir-šu;{'sipad[shepherd]'}
dingir-šu-ki-in;{'nubanda[overseer]'}
dingir-šu-sipa;{'GN'}
dingir]-ba#-ni;{'nubanda[overseer]'}
dingir]-dan#;{'nubanda[overseer]'}
du-du-še₃;{'e[speak]'}
du-li-a;{'lu[person]'}
du-nu-um;{'šeš[brother]'}
du-ri-ib-bi₂-ik-ma;{'ensik[ruler]'}
du-uk-ra-ke₄;{'zid[right]'}
du-u₂-du;{'ašgab[leatherworker]', 'PN'}
du-šu-mu-um;{'dumu[child]', 'nubanda[overseer]', 'erin[people]'}
du₁₀-i₃-li₂;{'lu[person]', 'sipad[shepherd]', 'u[and]', 'šagia[cup-bearer]', 'agaʾus[soldier]', 'ensik[ruler]', 'muhaldim[cook]', 'kuš[official]'}
du₁₁!-ga-zi-da;{'kuš[official]'}
du₁₁#-ga#-zi-da;{'kuš[official]'}
du₁₁-ga#-[zi-da;{'kuš[official]'}
du₁₁-ga-[zi]-da;{'kuš[official]'}
du₁₁-ga-zi;{'kurušda[fattener]'}
du₁₁-ga-zi-da;{'kuš[official]'}
e-ba-tal;{'ragaba[rider]'}
e-er-{d}iškur;{'šagia[cup-bearer]'}
e-la-ak-nu-id;{'u[and]', 'nagada[herdsman]'}
e-la-la;{'tibira[sculptor]'}
e-la-nu-um;{'MAR.TU[westerner]'}
e-lam-ma-gum₂;{'ur[root]'}
e-ma-ma;{'damgar[merchant]'}
e-ni-iš#-a#-[gu]-um#;{'u'}
e-pi-ri;{'kuš[official]'}
e-te-el-pu₃!-{d}šul-gi;{'dubsar[scribe]'}
e-tu-um;{'lu[person]'}
e-ze₂-mi-na;{'ragaba[rider]'}
e-zu-un-{d}da-gan;{'lu[person]'}
edin-e-ki-ag₂;{'sukkal[secretary]', 'sipad[shepherd]'}
en#-mah-gal-an#-na;{'en[priest]'}
en#-mah-gal-an-na;{'en[priest]'}
en#-nun-e-[{d}amar]-{d}suen-ra-[ki]-ag₂#;{'en[priest]'}
en#-nun-e-{d}amar#-[{d}suen]-ra-ki-ag₂;{'en[priest]'}
en-[mah-gal]-an-na;{'en[priest]'}
en-bara₂;{'šagia[cup-bearer]'}
en-dingir-mu;{'zig[rise]', 'PN', 'sug[replace]'}
en-e;{'šudu[equipped]', 'iri[city]'}
en-e-ne;{'FN'}
en-ki;{'AN'}
en-mah-gal-[an-na];{'huŋ[hire]'}
en-mah-gal-[an]-na;{'en[priest]'}
en-mah-gal-an-[na];{'en[priest]'}
en-mah-gal-an-na;{'en[priest]', 'DN'}
en-mah-gal]-an-na;{'en[priest]'}
en-me-zi-an-na;{'en[priest]'}
en-nam-i₃-li₂;{'dubsar[scribe]'}
en-nam-{d}suen;{'nubanda[overseer]'}
en-nam-{d}šul-gi;{'muhaldim[cook]'}
en-ne₂;{'ki[place]'}
en-nun-e-{d}amar-[{d}]suen#-ra-ki-ag₂;{'en[priest]'}
en-nun-e]-{d}amar-{d}suen-ra-ki-[ag₂;{'en[priest]'}
en-nun]-ne₂#-{d}amar#-[{d}suen]-ki-ag₂;{'en[priest]'}
en-ubur-zi-[an-na;{'en[priest]'}
en-um-eš₁₈-dar;{'erešdiŋir[priestess]', 'munus[woman]'}
en-um-i₃-li₂;{'nagada[herdsman]', 'lu[person]', 'kugdim[smith]', 'šagia[cup-bearer]', 'FN', 'dumu[child]', 'ragaba[rider]', 'enkud[tax-collector]', 'hazanum[mayor]', 'muhaldim[cook]'}
en-um-{d}iškur;{'šarrabdu[administrator]'}
en-ur₂-ku₃-ge;{'idu[doorkeeper]'}
en-u₂-a;{'nagada[herdsman]'}
en-u₂-u₂;{'lu[person]'}
en-{d}nanše-[ki]-ag₂#;{'šagia[cup-bearer]'}
en-{d}nanše-ki#-ag₂;{'šagia[cup-bearer]'}
en-{d}nanše-ki-ag₂;{'šagia[cup-bearer]'}
en-ša₃-<ku₃>-ge;{'en[priest]'}
en-ša₃-ku₃#-[ge];{'en[priest]'}
en-ša₃-ku₃-ge;{'en[priest]', 'FN', 'šabra[administrator]'}
en]-mah#-gal-[an-na;{'en[priest]'}
en]-mah-gal-an-na;{'en[priest]'}
engar-du₁₀;{'lu[person]', 'ud[sun]'}
er₃#-re-šum;{'šarrabdu[administrator]'}
er₃#-re-šum#;{'šarrabdu[administrator]'}
er₃-pa₂-dan;{'nagada[herdsman]'}
er₃-ra-ba-ni;{'dubsar[scribe]', 'ugula[overseer]', 'kurušda[fattener]', 'ragaba[rider]', 'nubanda[overseer]', 'X', 'muhaldim[cook]'}
er₃-ra-dan;{'nagada[herdsman]'}
er₃-ra-na#-[da;{'šagia[cup-bearer]'}
er₃-ra-na-da;{'šagia[cup-bearer]'}
er₃-ra-na-dan;{'šagia[cup-bearer]'}
er₃-ra-nu-id;{'mušendu[bird-catcher]', 'dumu[child]'}
er₃-ra-ur-sag;{'dumu[child]', 'PN', 'ummia[expert]'}
er₃-ra-ur-sag-[ga₂];{'šeš[brother]'}
er₃-ra-ur-sag-ga₂?;{'tuku[acquire]'}
er₃-re-eb;{'dumu[child]', 'nubanda[overseer]', 'šeš[brother]'}
er₃-re-šum;{'šarrabdu[administrator]', 'nagada[herdsman]'}
er₃-tum-il-šu;{'nar[musician]'}
er₃-{d}nanna;{'sukkalmah[official]', 'sukkal[secretary]'}
er₃-šu-ti-dingir;{'nubanda[overseer]'}
ezem-{d}[...];{'ud[sun]'}
eš₁₈-dar-il-šu;{'FN'}
eš₁₈-dar-il₆-su;{'FN'}
eš₁₈-dar-tu-kul₂-ti;{'emeda[nursemaid]'}
eš₁₈?-dar?-al-šu;{'FN'}
eš₃-gi-a;{'X'}
eš₃-gi-na;{'muhaldim[cook]'}
e₂-[x;{'AN'}
e₂-a-[x;{'AN'}
e₂-a-ba#-ni#;{'AN'}
e₂-a-ba-ni;{'dubsar[scribe]', 'sipad[shepherd]', 'ensik[ruler]', 'bisaŋdubak[archivist]'}
e₂-a-dingir;{'PN'}
e₂-a-du-du;{'šag[heart]'}
e₂-a-i₃-li₂;{'ki[place]', 'u', 'PN'}
e₂-a-kal;{'nubanda[overseer]'}
e₂-a-ma-lik;{'nubanda[overseer]'}
e₂-a-ni-ša;{'ud[sun]'}
e₂-a-ra-[bi₂];{'ud[sun]'}
e₂-a-ra-bi₂;{'X', 'ensik[ruler]'}
e₂-a-šar;{'dubsar[scribe]'}
e₂-du₃-du₃;{'šabra[administrator]'}
e₂-gissu;{'ragaba[rider]'}
e₂-gu₄;{'niga[fattened]', 'PN'}
e₂-gu₄-ka;{'u'}
e₂-ki;{'ummia[expert]'}
e₂-ki-bi;{'sipad[shepherd]'}
e₂-ki-gal-la;{'mu[year]', 'u'}
e₂-kisal;{'gid[long]', 'e[house]'}
e₂-tum;{'kišib[seal]'}
e₂-um;{'lu[person]'}
e₂-uš-bar;{'nakabtum[stockyard?]'}
e₂-u₆-e;{'ensik[ruler]'}
e₂-x;{'u'}
e₃#-lu-num₂;{'DN'}
e₃-[x;{'u'}
e₃-lu-num₂;{'X', 'šag[heart]', 'TN', 'e[house]', 'ak[do]'}
ga-a-ga-ma;{'damgar[merchant]'}
ga-ab-lu-lu;{'lu[person]'}
ga-ba-ba;{'lu[person]'}
ga-da-bi;{'lu[person]'}
ga-la-ah;{'dug[speak]'}
ga-na-za;{'dubsar[scribe]'}
ga-ra-du;{'dumu[child]'}
ga-rig₂;{'ak[do]'}
ga-x;{'X'}
gab₂-us₂;{'PN'}
gar₃-dingir;{'sipad[shepherd]'}
ga₂-a-ke₄-eš₂;{'ragaba[rider]'}
geme₂-bara₂-si-ga;{'lu[person]'}
geme₂-sa₆-ga;{'dam[spouse]'}
geme₂-{d}en-lil₂-[la₂];{'lukur[priestess]'}
geme₂-{d}en-lil₂-la₂;{'dumumunus[daughter]', 'FN', 'lukur[priestess]'}
geme₂-{d}nanna#;{'dumumunus[daughter]'}
geš-zu-di-ga;{'X'}
gi-ir-ša-ti;{'lu[person]'}
gi-ne₂;{'ab[cow]'}
gi-nu-na;{'nubanda[overseer]'}
gir-ri;{'lu[person]'}
giri₃#-ni;{'ragaba[rider]'}
giri₃#-ni-i₃-sa₆;{'nubanda[overseer]'}
giri₃-da-a;{'gud[ox]'}
giri₃-gub;{'kan[gate]'}
giri₃-ni;{'lu[person]', 'sukkal[secretary]'}
giri₃-ni#-i₃-sa₆;{'šabra[administrator]'}
giri₃-ni-i₃#-sa₆;{'nubanda[overseer]'}
giri₃-ni-i₃-[sa₆];{'dumu[child]'}
giri₃-ni-i₃-sa₆;{'unud[cowherd]', 'nubanda[overseer]', 'šabra[administrator]', 'sukkal[secretary]'}
giri₃-{d}nanše;{'u'}
giri₃-ša-ma;{'kuš[official]'}
gir₂-lu₂;{'zabar[bronze]'}
gu-[za-ni;{'kurušda[fattener]'}
gu-ba-ru-um;{'MAR.TU[westerner]'}
gu-du-du;{'u'}
gu-du-me-ri-iš;{'X'}
gu-ra#-a;{'lu[person]'}
gu-ra-a;{'lu[person]'}
gu-ru-ru;{'PN'}
gu-za-ni;{'u[and]', 'kurušda[fattener]', 'AN', 'bar[outside]'}
gu-zu-lum;{'šukud[fisherman]'}
gu-zu-zu;{'lu[person]'}
gul-ku-nu-um;{'MAR.TU[westerner]'}
gun₄!-na;{'u[and]'}
gur₈-gur₈-me-gal₂;{'niga[fattened]'}
gu₂-li-i₃-sa₆;{'damgar[merchant]'}
gu₂-lu-ub₂;{'lugal[king]'}
gu₂-ne;{'šag[heart]'}
gu₃#-de₂#-a;{'ensik[ruler]'}
gu₃#-de₂-a;{'u', 'ensik[ruler]', 'kuš[official]'}
gu₃-de₂-[a];{'ensik[ruler]'}
gu₃-de₂-a;{'ŋar[place]', 'bisaŋdubak[archivist]', 'dubsar[scribe]', 'emuhaldim[kitchen]', 'damgar[merchant]', 'šabra[administrator]', 'dumu[child]', 'ensik[ruler]', 'sukkal[secretary]', 'kuš[official]'}
gu₄-geš;{'ašag[field]', 'šugid[~animal]', 'uš[die]', 'u', 'PN', 'u[and]', 'n', 'X'}
ha#-ab-ru;{'ragaba[rider]'}
ha-[li₂;{'sukkal[secretary]'}
ha-[x-x;{'sukkal[secretary]'}
ha-ab-ru;{'ragaba[rider]'}
ha-an-za-ab-tum-ma-še₃;{'ak[do]'}
ha-ar-bi₂-in;{'nagada[herdsman]'}
ha-ar-ši-tum;{'lugal[king]'}
ha-aš-[ma]-nu-um;{'MAR.TU[westerner]'}
ha-ba-an-zi-zi;{'išib[priest]'}
ha-ba-ba;{'lu[person]'}
ha-ba-ba-tum;{'muhaldim[cook]'}
ha-ba-lu₅#-ge₂;{'ensik[ruler]'}
ha-ba-lu₅-<ge₂>;{'ensik[ruler]'}
ha-ba-lu₅-ge;{'ensik[ruler]'}
ha-ba-lu₅-ge₂;{'ensik[ruler]', 'lu[person]'}
ha-ba-lu₅-ke₄;{'ensik[ruler]'}
ha-da-ti;{'šarrabdu[administrator]'}
ha-ha-ša;{'damgar[merchant]'}
ha-la-a;{'nubanda[overseer]', 'X'}
ha-la-ti;{'emeda[nursemaid]'}
ha-li₂-li₂;{'dubsar[scribe]', 'munus[woman]'}
ha-ni;{'sukkal[secretary]'}
ha-ri-iš-hu-un;{'AN'}
ha-ši-ip-a-tal;{'šakkanak[general]'}
hal!-li₂-a;{'nubanda[overseer]'}
hal-hal-la;{'itud[moon]', 'n'}
hal-i₃-lum;{'nubanda[overseer]'}
hal-la-a;{'dumu[child]'}
hal-li₂;{'dubsar[scribe]', 'kurušda[fattener]', 'lu[person]'}
hal-li₂-a;{'dubsar[scribe]'}
he?-da-ti;{'šarrabdu[administrator]'}
he₂-du-ut-{d}amar-{d}suen;{'dumu[child]'}
he₂-na-lah₅;{'dumu[child]'}
hi-li;{'kuš[official]'}
hi-li#-iš;{'lu[person]'}
hi-li-a;{'dam[spouse]', 'pad[find]'}
hi-li-abzu;{'dumu[child]'}
hi-li-iš;{'lu[person]'}
hi-lum;{'a[arm]'}
hu!-al-la;{'šarrabdu[administrator]'}
hu-[la-al];{'dubsar[scribe]'}
hu-[la]-al;{'šarrabdu[administrator]'}
hu-ba;{'u[and]', 'lu[person]'}
hu-ba-a;{'šakkanak[general]', 'u'}
hu-ba-nimgir-si-NI;{'ensik[ruler]'}
hu-ba-nu;{'PN'}
hu-bi₂-dam;{'šarrabdu[administrator]'}
hu-bi₂-dam?;{'šarrabdu[administrator]'}
hu-bu-ti-a;{'sukkal[secretary]'}
hu-la-al;{'dubsar[scribe]', 'šarrabdu[administrator]', 'dumu[child]'}
hu-la-li₂;{'agaʾus[soldier]'}
hu-li-[bar];{'ensik[ruler]'}
hu-li-bar;{'lu[person]', 'ensik[ruler]'}
hu-ma-za;{'erešdiŋir[priestess]'}
hu-na-zi;{'nubanda[overseer]'}
hu-nu-nu-ur;{'ŋiri[foot]', 'u'}
hu-su-uz-za-ar-ra-ri;{'kuš[official]'}
hu-ul-li-bar;{'ensik[ruler]'}
hu-un-ga-ad;{'sipad[shepherd]'}
hu-un-gi₄-la-ah;{'nubanda[overseer]'}
hu-un-ha-ab-bur;{'nubanda[overseer]'}
hu-un-ha-ab-ur;{'šakkanak[general]'}
hu-un-ha-ad;{'ašgab[leatherworker]'}
hu-un-hur-ti;{'lu[person]'}
hu-un-ki-ib-ri;{'lu[person]'}
hu-un-nu-du-uk#;{'sukkal[secretary]'}
hu-un-nu-um;{'kuš[official]'}
hu-un-ti-ba;{'lu[person]'}
hu-un-{d}šul-gi;{'nubanda[overseer]', 'X', 'ud[sun]'}
hu-wa-wa;{'zadim[stone-cutter]', 'šabra[administrator]'}
hu-zi-ri;{'sukkal[secretary]'}
hu-zi-ri#;{'sukkal[secretary]'}
hu]-la-al;{'dubsar[scribe]'}
i#-bi₂-{d}suen;{'X'}
i-ba-ti;{'lu[person]'}
i-bi₂;{'nagada[herdsman]'}
i-bi₂-[{d}suen;{'lugal[king]'}
i-bi₂-zu;{'nubanda[overseer]', 'sukkal[secretary]', 'kuš[official]'}
i-bi₂-{d}nu-muš-da;{'nubanda[overseer]'}
i-bi₂-{d}suen;{'dikud[judge]', 'unud[cowherd]', 'mu[year]', 'nubanda[overseer]'}
i-din-dingir;{'šagia[cup-bearer]', 'min[two]'}
i-din-er₃-ra;{'dubsar[scribe]', 'ki[place]', 'lu[person]', 'PN'}
i-din-i-šum;{'dumu[child]'}
i-din-{d}iškur;{'si[horn]', 'u', 'PN', 'sipad[shepherd]', 'WN', 'sukkal[secretary]', 'kuš[official]'}
i-din-{d}suen;{'nubanda[overseer]', 'dumu[child]', 'lu[person]'}
i-din?-er₃-ra;{'lu[person]'}
i-di₃-[dingir;{'min[two]'}
i-di₃-a;{'dikud[judge]', 'X'}
i-di₃-er₃-ra;{'ugula[overseer]', 'lu[person]'}
i-di₃-er₃-ra-ka;{'ŋal[be]'}
i-di₃-e₂-a;{'nubanda[overseer]', 'šabra[administrator]', 'šeš[brother]', 'kuš[official]'}
i-di₃-i-šum;{'nagada[herdsman]'}
i-di₃-lum;{'nubanda[overseer]'}
i-di₃-zu;{'agaʾus[soldier]', 'lu[person]'}
i-di₃-{d}iškur;{'kuš[official]'}
i-di₃-{d}suen;{'dubsar[scribe]', 'AN', 'nubanda[overseer]'}
i-di₃-šu!-[lum];{'lu[person]'}
i-du-a;{'dumu[child]'}
i-gi-ru-mah;{'šakkanak[general]'}
i-gi₄;{'nubanda[overseer]'}
i-ki-zu;{'PN'}
i-ku-mi#-[šar;{'AN'}
i-ku-mi-šar;{'dubsar[scribe]', 'FN', 'nubanda[overseer]', 'kuš[official]'}
i-ku-un-pi₂-{d}utu;{'PN'}
i-la-ak-ra-am;{'sukkal[secretary]'}
i-la-bu-ga-du;{'ragaba[rider]'}
i-la-bu-i-ga-tu;{'ragaba[rider]'}
i-me-er;{'nubanda[overseer]'}
i-me-er₃;{'nubanda[overseer]'}
i-mi#-[id]-dingir;{'šabra[administrator]'}
i-mi-id-dingir;{'nagada[herdsman]', 'ragaba[rider]', 'šabra[administrator]'}
i-mi-id-eš₁₈-dar;{'kuš[official]'}
i-mi-id-eš₁₈?-dar?;{'u'}
i-pi₅-iq-na-nu-um;{'nubanda[overseer]'}
i-ri-ib;{'nubanda[overseer]', 'X', 'ensik[ruler]', 'PN'}
i-ri-ib₂;{'nubanda[overseer]'}
i-su-ri₂-iq;{'šagia[cup-bearer]'}
i-su₂-a-ri₂-ik;{'FN', 'šabra[administrator]'}
i-su₂]-a-ri₂#-ik;{'šabra[administrator]'}
i-ta₂-ra-ak-i₃-li₂;{'šakkanak[general]'}
i-tu-a;{'ragaba[rider]', 'X'}
i-tu-ri-a;{'šabra[administrator]', 'ensik[ruler]'}
i-tur₂-dingir;{'ud[sun]'}
i-za;{'lu[person]'}
i-za-nu-um;{'nubanda[overseer]', 'lu[person]'}
i-za-num₂;{'MAR.TU[westerner]'}
i-za-ri-iq;{'maššugidgid[diviner]'}
i-za-ri₂-iq;{'ensik[ruler]'}
i-zi-a-ri₂-[ik];{'maššugidgid[diviner]'}
i-zi-in-er₃-ra;{'nagada[herdsman]'}
i-zu-a;{'dubsar[scribe]'}
i-zu-a-ri₂-ik;{'ensik[ruler]'}
i-zu-sa-bar;{'dubsar[scribe]'}
i-ša-we-er;{'dumu[child]'}
i-šar-a-ni-iš-su₂;{'lu[person]'}
i-šar-be-li₂;{'ragaba[rider]', 'šabra[administrator]'}
i-šar-i₃-li₂;{'dubsar[scribe]', 'udda[stand]'}
i-šar-ki-in;{'gala[singer]'}
i-šar-kur-ba#-šum#;{'u'}
i-šar-kur-ba-aš;{'ragaba[rider]'}
i-šar-kur-ba-šum;{'ragaba[rider]'}
i-šar-pa₂-dan;{'AN', 'lu[person]', 'šabra[administrator]', 'sipad[shepherd]', 'šagia[cup-bearer]', 'ragaba[rider]', 'sukkal[secretary]'}
i-ši-we-er;{'ensik[ruler]'}
i-šum-ba-ni;{'muhaldim[cook]'}
i-šum-ba-ni#;{'dumu[child]'}
i]-din-er₃-ra;{'lu[person]'}
ia₃-a-da-az;{'lu[person]'}
ia₃-ab-ti;{'X'}
ia₃-ši-li-im;{'ensik[ruler]'}
ia₃-ši-li-im?;{'ensik[ruler]'}
ib-ni-dingir;{'šarrabdu[administrator]', 'PN', 'nubanda[overseer]', 'lu[person]', 'sukkal[secretary]'}
ib-ni-{d}iškur;{'šarrabdu[administrator]', 'šakkanak[general]', 'ensik[ruler]'}
ib-ni-{d}suen;{'PN', 'sukkal[secretary]'}
id-da-a;{'damgar[merchant]', 'u', 'šabra[administrator]'}
id-ni-in-{d}suen;{'dumu[child]', 'nubanda[overseer]'}
id-ni-{d}suen;{'dumu[child]'}
ig-kid;{'gid[long]'}
igi#-kar₂;{'PN'}
igi#-kar₂#;{'PN'}
igi-[kar₂;{'AN'}
igi-an-na-ke₄-zu;{'ensik[ruler]'}
igi-gun₃?;{'n'}
igi-kar₂;{'sag[good]', 'e[house]', 'dukug[locus]', 'egia[bride]', 'u', 'PN', 'arad[slave]', 'FN', 'mu[year]', 'dumu[child]', 'erešdiŋir[priestess]', 'dam[spouse]', 'X'}
igi-kar₂?;{'dam[spouse]'}
igi-lugal-še₃;{'tuš[sit]'}
igi-maš?-šu;{'u[and]'}
igi-sa₆-sa₆;{'še[barley]'}
igi-sa₆-sa₆-ge;{'de[bring]'}
igi-{d}en-lil₂-še₃;{'X', 'PN'}
igi-{d}en-lil₂-še₃#;{'PN'}
igi-{d}x-x;{'u[and]'}
ih-ta-na-su₂-nu-ut;{'šuʾi[barber]'}
ik-bu-zum;{'lu[person]'}
ik-šu-dum;{'MAR.TU[westerner]'}
im-lik-e₂-a;{'ensik[ruler]'}
im-ti-dam;{'dubsar[scribe]', 'geme[worker]', 'dumu[child]'}
in#-ta-e₃-a;{'PN'}
in#-ta-e₃-a-ta#;{'PN'}
in#-za-mu;{'unud[cowherd]'}
in-[ta]-e₃-a;{'PN'}
in-da-a;{'šabra[administrator]'}
in-gu-du;{'X'}
in-ta-[e₃-a-ta];{'PN'}
in-ta-[e₃-a];{'PN'}
in-ta-[e₃]-a;{'PN'}
in-ta-e₃;{'PN'}
in-ta-e₃#-a#;{'PN'}
in-ta-e₃#-a#-ta#;{'PN'}
in-ta-e₃-[a];{'PN'}
in-ta-e₃-a;{'e[house]', 'zig[rise]', 'ŋiri[foot]', 'dubsar[scribe]', 'PN', 'u[and]', 'n'}
in-ta-e₃-a-ka;{'ŋal[be]'}
in-za-mu;{'u[and]', 'unud[cowherd]'}
in-ši-we-er;{'dumu[child]'}
inim#-{d}nanna;{'PN'}
inim#-{d}nanna-zu;{'šabra[administrator]'}
inim-dingir-še₃;{'engar[farmer]'}
inim-ma-ni-zi;{'dam[spouse]'}
inim-zi;{'simug[smith]'}
inim-{d}inanna;{'nubanda[overseer]', 'kuš[official]'}
inim-{d}nanna;{'engar[farmer]', 'FN', 'dumu[child]', 'u', 'zu[material]'}
inim-{d}x;{'u'}
inim-{d}šara₂;{'dubsar[scribe]'}
ip#-hur;{'šarrabdu[administrator]'}
ip-hu-ha;{'dumu[child]', 'lu[person]'}
ip-hur;{'šarrabdu[administrator]', 'nubanda[overseer]', 'kuš[official]'}
ip-qu₂-ša;{'šarrabdu[administrator]', 'agaʾus[soldier]', 'lu[person]', 'šagia[cup-bearer]'}
iq-bi₂-dingir;{'šabra[administrator]', 'sukkal[secretary]'}
ir-du-a;{'nubanda[overseer]'}
iri-ni-ta#;{'ŋen[go]'}
it-hi-pa₂-tal;{'lu[person]'}
it-ma-nu-um;{'MAR.TU[westerner]'}
it-ra-ak-i₃-li₂;{'nubanda[overseer]', 'sukkal[secretary]'}
iš#-[me]-{d}da-gan;{'lu[person]'}
iš-me-dingir;{'MAR.TU[westerner]', 'ara[times]', 'nubanda[overseer]', 'u', 'sipad[shepherd]'}
iš-me-er₃-ra;{'dumu[child]'}
iš-me-{d}da-gan;{'lu[person]'}
iš-me-{d}ištaran;{'dumu[child]'}
iš-pu-ga-ru;{'ugula[overseer]'}
i₃!-li₂!-dan;{'X'}
i₃#-li₂-tab-ba;{'engar[farmer]'}
i₃-da-ga;{'nagada[herdsman]'}
i₃-kal-la;{'dumu[child]', 'muhaldim[cook]'}
i₃-la-la;{'sukkal[secretary]'}
i₃-la-ti;{'sipad[shepherd]'}
i₃-lal₃-lum;{'ensik[ruler]'}
i₃-li₂-[...;{'MAR.TU[westerner]'}
i₃-li₂-a;{'dubsar[scribe]', 'nar[musician]'}
i₃-li₂-a-ti;{'sipad[shepherd]'}
i₃-li₂-an-dul₃;{'nubanda[overseer]', 'šabra[administrator]', 'ensik[ruler]'}
i₃-li₂-aš-ra-ni;{'šabra[administrator]'}
i₃-li₂-aš₂-ra-ni;{'niŋba[gift]'}
i₃-li₂-ba-ni;{'lu[person]'}
i₃-li₂-be-li₂;{'sukkal[secretary]'}
i₃-li₂-dan;{'nubanda[overseer]'}
i₃-li₂-gešimmar;{'dumu[child]'}
i₃-li₂-iš-ba-ba;{'MAR.TU[westerner]'}
i₃-li₂-ma-al-ki;{'nubanda[overseer]', 'PN'}
i₃-li₂-mah-ri;{'kurušda[fattener]'}
i₃-li₂-mah-ri₂;{'X'}
i₃-li₂-mu;{'kurušda[fattener]'}
i₃-li₂-tab-ba;{'nubanda[overseer]'}
i₃-li₂-{d}da-gan;{'lu[person]'}
i₃-lum-{d}suen;{'muhaldim[cook]'}
i₃-sa₆-ga;{'GN'}
i₃-u₃-[ša]-na#-ag₂;{'X'}
i₃-u₃-ša;{'dumu[child]'}
i₃-u₃-ša-na-ag₂;{'dumu[child]', 'X'}
ka-gaz;{'suhub[boots]'}
ka-li;{'ašag[field]'}
ka-u₂-ka;{'nar[musician]'}
kal-bi-si;{'agaʾus[soldier]'}
kal-i₃-li₂;{'dumu[child]', 'lu[person]'}
kal-la;{'kugdim[smith]', 'dubsar[scribe]', 'a[water]', 'šabra[administrator]', 'kurušda[fattener]', 'dumu[child]', 'sukkal[secretary]', 'nubanda[overseer]', 'muhaldim[cook]'}
kal-la-mu;{'dumu[child]', 'ensik[ruler]'}
kal-la-mu#;{'ensik[ruler]'}
kal-la-mu#?;{'dumu[child]'}
kal-{d}amar-{d}suen;{'dumu[child]'}
kal-{d}šul-gi;{'idu[doorkeeper]', 'nubanda[overseer]', 'ragaba[rider]', 'sipad[shepherd]'}
kal-šu-gu;{'kuš[official]'}
kalam-he₂-na-gi;{'PN'}
kar;{'us[follow]'}
kas₃-pi-ša;{'šagia[cup-bearer]'}
kas₃-pu-[ša];{'šagia[cup-bearer]'}
kas₃-pu-ša;{'šagia[cup-bearer]'}
kas₃?-pu-ša;{'šagia[cup-bearer]'}
ka₅#-a-mu;{'MAR.TU[westerner]'}
ka₅-a-<mu>;{'nukirik[gardener]'}
ka₅-a-mu;{'kurušda[fattener]', 'itud[moon]', 'PN'}
ka₅-a-mu#;{'u'}
ki-a-x;{'egal[palace]'}
ki-da-ni;{'lu[person]'}
ki-gam-dingir;{'lu[person]'}
ki-ir-bi-ba#;{'dumu[child]'}
ki-ir-na-mi;{'X'}
ki-iz-zi;{'lu[person]'}
ki-ma-ma;{'sukkal[secretary]'}
ki-ma-ni;{'PN'}
ki-na-at-nu-[nu?];{'emeda[nursemaid]'}
ki-na-ša-sal;{'u'}
ki-ri-ib-ul-me;{'lu[person]'}
ki-ri₂-bu-ul-me;{'lu[person]'}
ki-ri₂-ib-ul-me;{'lu[person]'}
ki-sa₆-mu;{'u'}
ki-tuš-lu₂;{'nubanda[overseer]', 'X'}
ki-{d}suen;{'eʾudsakar[building]', 'e[house]', 'itud[moon]', 'u', 'usakar[moon]', 'X', 'eʾud[week]'}
ki-{d}suen#;{'X'}
ki-{d}utu-ga;{'ak[do]'}
kin-gi₄;{'niga[fattened]'}
ku-ba-ba-e;{'azu[doctor]'}
ku-ba-bi₂-a;{'PN'}
ku-ba-tum;{'nin[lady]', 'lukur[priestess]'}
ku-ba-tum-e;{'PN'}
ku-da-num₂;{'nubanda[overseer]', 'sukkal[secretary]'}
ku-e-la-ak;{'kurušda[fattener]'}
ku-li;{'PN'}
ku-na-ma#-tum;{'MAR.TU[westerner]'}
ku-ru-ub-er₃-ra;{'nubanda[overseer]'}
ku-ru-ub-e₂-a;{'dumu[child]', 'muhaldim[cook]'}
ku-un-si-ma-tum;{'u'}
ku-un-ši-ma-tum;{'egia[bride]'}
ku-u₃;{'nubanda[overseer]'}
ku-zu-zu;{'lu[person]'}
kur-bi-la#-ak;{'ki[place]'}
kur-bi-la-ak;{'muhaldim[cook]', 'AN', 'ragaba[rider]', 'lu[person]', 'PN'}
kur-ti#-lum#?;{'u'}
kur-ti-lum;{'engar[farmer]', 'ragaba[rider]', 'lu[person]'}
ku₃-ga-ni;{'ŋar[place]'}
ku₃-sa₆-mu;{'damgar[merchant]'}
ku₃-{d}nanna;{'damgar[merchant]', 'šabra[administrator]', 'dumu[child]', 'ensik[ruler]', 'sukkal[secretary]', 'muhaldim[cook]'}
ku₃-{d}nin-gal;{'šabra[administrator]', 'sukkal[secretary]'}
ku₃-{d}nin-ur₄-ra;{'dubsar[scribe]'}
ku₃-{d}šara₂;{'ensik[ruler]'}
ku₃?-gi-li;{'nagada[herdsman]'}
ku₅-da;{'MAR.TU[westerner]'}
ku₅-da-mu;{'azu[doctor]', 'šabra[administrator]'}
la#-na#;{'kurušda[fattener]'}
la-[na;{'kurušda[fattener]'}
la-[na];{'kurušda[fattener]'}
la-a-a;{'kul[collect]'}
la-a-la-a;{'sukkal[secretary]'}
la-ab-ti-il;{'MAR.TU[westerner]'}
la-ba;{'u'}
la-ba-na-am-zi;{'lu[person]'}
la-e-ri-hu-um;{'MAR.TU[westerner]'}
la-gi-ip;{'lu[person]', 'u', 'šagia[cup-bearer]', 'dumu[child]', 'sukkal[secretary]', 'X'}
la-gi-pu-[um];{'lu[person]'}
la-gi-pu-um;{'nubanda[overseer]', 'lu[person]', 'sukkal[secretary]'}
la-la-a;{'engar[farmer]', 'nubanda[overseer]', 'kul[collect]'}
la-la-mu;{'sukkal[secretary]'}
la-ma-ha-ar;{'šagia[cup-bearer]', 'dubsar[scribe]', 'PN', 'gugal[inspector]'}
la-ma-har;{'šagia[cup-bearer]', 'nubanda[overseer]', 'dubsar[scribe]'}
la-ma-zum;{'X'}
la-ma-ša;{'sukkal[secretary]'}
la-muš;{'lu[person]'}
la-na;{'kurušda[fattener]'}
la-na#;{'kurušda[fattener]'}
la-na];{'kurušda[fattener]'}
la-ni;{'en[priest]', 'sukkalmah[official]'}
la-ni?;{'u[and]'}
la-si₂-ma-nu-um;{'MAR.TU[westerner]'}
la-tu?-ra-ma;{'ragaba[rider]'}
la-u₃-ma-nu-um;{'MAR.TU[westerner]'}
la-ze₂-em-a-nu-um;{'MAR.TU[westerner]'}
li#-<bur>-{d}šul-gi;{'ragaba[rider]'}
li#-ša#-nu-um;{'ensik[ruler]'}
li-[ba-nu-uk]-ša-ba-aš;{'ensik[ruler]'}
li-ba-[nu]-uk-ša-ba-aš;{'ensik[ruler]'}
li-ba-an-<aš>-gu-bi;{'lu[person]'}
li-ba-an-aš-gu-[bi];{'lu[person]'}
li-ba-an-aš-gu-bi;{'lu[person]'}
li-ba-na-aš-gu-bi;{'lu[person]'}
li-ba-nu#-ug-ša-ba-aš;{'ensik[ruler]'}
li-ba-nu-aš-gu-bi;{'lu[person]'}
li-ba-nu-ug-[ša]-ba-aš;{'ensik[ruler]'}
li-ba-nu-ug-ša-ba-aš;{'ensik[ruler]'}
li-ba-nu-uk-ša-ba-aš;{'ensik[ruler]', 'lu[person]'}
li-bur;{'PN'}
li-bur-be-li₂;{'šagia[cup-bearer]', 'dubsar[scribe]'}
li-bur-gu?;{'ragaba[rider]'}
li-bur-{d}šul-gi;{'dubsar[scribe]', 'ragaba[rider]'}
li-im-ni-li-ik-hi-li-ik;{'MAR.TU[westerner]'}
li-pa₂-an-aš-ku₈-pi₂;{'lu[person]'}
li-pa₂-nu-uk-ša-pa₂-aš;{'ensik[ruler]'}
li-pi₂-i₃-sa;{'kurušda[fattener]'}
li-ša-num₂;{'ensik[ruler]'}
lil₂-lil₂-ri;{'gub[stand]'}
lu-lu-ba-a;{'nubanda[overseer]'}
lu-lu-bu-um;{'ara[times]', 'hulu[bad]'}
lu-ma-nu-um;{'MAR.TU[westerner]'}
lu-ze₂-um;{'MAR.TU[westerner]'}
lugal;{'PN'}
lugal#-a₂-zi-da;{'šabra[administrator]'}
lugal#-ezem;{'sukkal[secretary]'}
lugal#-inim-gi-na;{'sukkal[secretary]'}
lugal#-nam₂-mah#;{'dubsar[scribe]'}
lugal#-ša₃-la₂;{'dubsar[scribe]'}
lugal#?-[...];{'FN'}
lugal-...;{'sipad[shepherd]'}
lugal-KU;{'unud[cowherd]'}
lugal-ama-na;{'nubanda[overseer]'}
lugal-amar-ku₃;{'dubsar[scribe]', 'unud[cowherd]', 'dumu[child]', 'u', 'PN'}
lugal-amar-ku₃-ta#;{'PN'}
lugal-an-dul₃;{'ragaba[rider]'}
lugal-an-dul₃#;{'ragaba[rider]'}
lugal-an-dul₃?;{'AN'}
lugal-an-na-ab-tum₂;{'dam[spouse]'}
lugal-an-ne₂;{'damgar[merchant]'}
lugal-a₂-[zi-da];{'šabra[administrator]'}
lugal-a₂-[zi]-da#;{'šabra[administrator]'}
lugal-a₂-zi#-da;{'FN', 'šabra[administrator]'}
lugal-a₂-zi-da;{'AN', 'bisaŋdubak[archivist]', 'igi[face]', 'ŋiri[foot]', 'ugula[overseer]', 'u', 'šabra[administrator]', 'PN', 'FN', 'sukkal[secretary]', 'dubsarmah[official]'}
lugal-a₂-zi-da#;{'dubsar[scribe]'}
lugal-banda₃-še₃;{'sukkal[secretary]'}
lugal-banda₃?-x;{'kurušda[fattener]'}
lugal-dab₅;{'unud[cowherd]'}
lugal-dub-sar;{'dikud[judge]'}
lugal-dumu-gi₇;{'FN'}
lugal-dur₂-du₁₀;{'min[two]'}
lugal-e-gir₂;{'gaz[kill]'}
lugal-engar;{'lu[person]'}
lugal-engar-du₁₀;{'mu[year]', 'šabra[administrator]'}
lugal-engar-zi;{'sukkal[secretary]'}
lugal-ezem;{'nagada[herdsman]', 'AN', 'lu[person]', 'dubsar[scribe]', 'damgar[merchant]', 'šabra[administrator]', 'PN', 'sipad[shepherd]', 'šagia[cup-bearer]', 'dumu[child]', 'nubanda[overseer]', 'X', 'kuš[official]'}
lugal-e₂-[mah-e];{'MAR.TU[westerner]'}
lugal-e₂-mah-[x];{'MAR.TU[westerner]'}
lugal-e₂-mah-e;{'šeš[brother]'}
lugal-gaba;{'nubanda[overseer]'}
lugal-gub-ba-ni;{'mu[year]'}
lugal-he₂-gal₂;{'PN', 'dumu[child]', 'lu[person]', 'guzala[official]', 'sipad[shepherd]'}
lugal-he₂-gal₂#;{'unud[cowherd]'}
lugal-ibila;{'kurušda[fattener]'}
lugal-igi-du;{'lu[person]'}
lugal-igi-huš;{'dumu[child]'}
lugal-im-ri-a;{'dubsar[scribe]'}
lugal-inim#-[gi]-na#;{'sukkal[secretary]'}
lugal-inim-gi#-na#;{'dumu[child]'}
lugal-inim-gi-na;{'šabra[administrator]', 'FN', 'dumu[child]', 'sukkal[secretary]', 'kaš[runner]', 'X'}
lugal-inim-gi-na#?;{'sukkal[secretary]'}
lugal-iti!-da;{'guzala[official]'}
lugal-iti-da;{'dubsar[scribe]', 'PN', 'sukkal[secretary]', 'u', 'guzala[official]'}
lugal-i₃-di₃;{'šabra[administrator]'}
lugal-i₃-mah;{'šagia[cup-bearer]', 'idu[doorkeeper]', 'kuš[official]'}
lugal-i₃-sa₆;{'dubsar[scribe]'}
lugal-ka-še₃;{'gabari[copy]'}
lugal-ki-ag₂;{'nagar[carpenter]'}
lugal-ku₃-zu;{'dubsar[scribe]', 'AN', 'lu[person]', 'ensik[ruler]', 'šabra[administrator]'}
lugal-ku₃]-zu;{'ensik[ruler]'}
lugal-ma₂-gur₈-[re];{'unud[cowherd]', 'ensik[ruler]'}
lugal-ma₂-gur₈-re;{'šagia[cup-bearer]', 'unud[cowherd]', 'nubanda[overseer]', 'šabra[administrator]', 'sukkal[secretary]'}
lugal-me#-[lam₂];{'kuš[official]'}
lugal-me-e₃-a;{'nagada[herdsman]'}
lugal-me-lam₂;{'sukkal[secretary]', 'ensik[ruler]', 'PN'}
lugal-me-lam₂#;{'sukkal[secretary]', 'PN'}
lugal-mu;{'e[house]', 'X', 'kaš[beer]'}
lugal-mu-ma-ag₂;{'ugula[overseer]'}
lugal-nam-tar-re;{'sukkal[secretary]'}
lugal-nam₂-mah;{'dubsar[scribe]', 'kurušda[fattener]'}
lugal-nesag-e#;{'lu[person]'}
lugal-ni-mah;{'šagia[cup-bearer]'}
lugal-nig₂-lagar-e;{'ugula[overseer]'}
lugal-nig₂-si-sa₂-e;{'dumu[child]'}
lugal-nir-gal₂;{'u', 'šabra[administrator]'}
lugal-pa-<e₃>;{'šabra[administrator]'}
lugal-pa-e₃;{'FN', 'u', 'ensik[ruler]'}
lugal-pa-e₃#;{'ensik[ruler]'}
lugal-ra;{'gabari[copy]', 'kaš[beer]', 'us[follow]'}
lugal-sa₆-ga;{'FN'}
lugal-si-gar;{'unud[cowherd]'}
lugal-si-sa₂;{'muhaldim[cook]'}
lugal-siskur;{'u'}
lugal-ti-da;{'dubsar[scribe]'}
lugal-ur₃-ra-ni-ke₄;{'e[leave]'}
lugal-ušur₃;{'unud[cowherd]'}
lugal-ušur₄;{'šabra[administrator]'}
lugal-ušur₄?;{'dumu[child]'}
lugal-u₄;{'su[flesh]'}
lugal-u₄-su₃-[še₃;{'AN'}
lugal-za₃-e₃;{'nubanda[overseer]'}
lugal-za₃-ge-si;{'engar[farmer]'}
lugal-zi-da;{'kuš[official]'}
lugal-zi-mu;{'sipad[shepherd]'}
lugal-{d}nanna;{'šabra[administrator]'}
lugal-{d}utu;{'n'}
lugal-ša₃#?-[...];{'dumu[child]'}
lugal-ša₃-la₂;{'agaʾus[soldier]', 'gala[singer]', 'kuš[official]'}
lugal-šuba-zi;{'sukkal[secretary]'}
lugal]-a₂-zi-da;{'šabra[administrator]'}
lugal]-ku₃-ga-ni;{'muhaldim[cook]'}
lum-[ma;{'šabra[administrator]'}
lum-ma;{'šabra[administrator]'}
lu₂#-[x;{'u'}
lu₂#-[{d}nin-gir₂-su;{'kurušda[fattener]'}
lu₂#-bi-mu;{'unud[cowherd]'}
lu₂#-dingir-ra;{'dumu[child]'}
lu₂#-dingir-ra#;{'unud[cowherd]'}
lu₂#-du₁₀-ga;{'FN'}
lu₂#-giri₁₇-zal!;{'dumu[child]'}
lu₂#-sa₆#-ga#;{'šabra[administrator]'}
lu₂#-u₁₈-um;{'u[grass]', 'niga[fattened]'}
lu₂#-x;{'PN'}
lu₂#-{d}en-lil₂-la₂;{'idu[doorkeeper]'}
lu₂#-{d}nanna;{'šagia[cup-bearer]', 'dumu[child]'}
lu₂#-{d}nin-šubur;{'šabra[administrator]'}
lu₂#-{d}utu;{'u'}
lu₂#-{d}šara₂;{'šagia[cup-bearer]'}
lu₂#?-giri₁₇-zal;{'u'}
lu₂-[...;{'dubsar[scribe]', 'PN'}
lu₂-[...];{'šagia[cup-bearer]', 'nagada[herdsman]', 'n', 'e[house]', 'lu[person]'}
lu₂-[u₁₈-um;{'AN'}
lu₂-[{d}nin-gir₂-su;{'kurušda[fattener]'}
lu₂-[{d}nin-gir₂]-su;{'kurušda[fattener]'}
lu₂-[ša-lim];{'dubsar[scribe]'}
lu₂-ama-na;{'dikud[judge]'}
lu₂-an-dul₃;{'ragaba[rider]'}
lu₂-a₂-a;{'MAR.TU[westerner]'}
lu₂-bala-sa₆#-ga;{'šabra[administrator]'}
lu₂-bala-sa₆#-ga#;{'ensik[ruler]'}
lu₂-bala-sa₆-[ga];{'šabra[administrator]'}
lu₂-bala-sa₆-ga;{'galamah[singer]', 'unud[cowherd]', 'šabra[administrator]', 'dikud[judge]', 'dumu[child]', 'ensik[ruler]', 'sukkal[secretary]', 'nubanda[overseer]', 'kuš[official]'}
lu₂-bala-ša₃-ga;{'sukkal[secretary]'}
lu₂-banda₃{da};{'gi[thicket]'}
lu₂-bi-mu;{'engar[farmer]', 'šabra[administrator]'}
lu₂-da#!-ga#?;{'u'}
lu₂-da-[x;{'u'}
lu₂-da-gi-a;{'PN'}
lu₂-dingir-[ra;{'PN'}
lu₂-dingir-[ra];{'dubsar[scribe]'}
lu₂-dingir-[x];{'dumu[child]'}
lu₂-dingir-ra;{'lu[person]', 'dubsar[scribe]', 'unud[cowherd]', 'šabra[administrator]', 'PN', 'engar[farmer]', 'idu[doorkeeper]', 'FN', 'dumu[child]', 'dikud[judge]', 'ensik[ruler]', 'sukkal[secretary]', 'mu[year]', 'šagia[cup-bearer]', 'X'}
lu₂-dingir-ra-[ta;{'PN'}
lu₂-du₁₀-ga;{'šabra[administrator]', 'PN', 'šagia[cup-bearer]', 'dumu[child]', 'išib[priest]', 'X', 'muhaldim[cook]', 'kuš[official]'}
lu₂-du₁₀-ga-mu;{'šagia[cup-bearer]'}
lu₂-e₂-a;{'MAR.TU[westerner]'}
lu₂-gi-na;{'dumu[child]', 'šabra[administrator]', 'kuš[official]'}
lu₂-giri₁₇#-zal;{'nar[musician]'}
lu₂-giri₁₇-zal;{'nagada[herdsman]', 'dumu[child]'}
lu₂-gir₂-nun{ki};{'idu[doorkeeper]'}
lu₂-gu-e₂;{'AN'}
lu₂-gu-la;{'nubanda[overseer]', 'dikud[judge]'}
lu₂-gu-la#?;{'GN'}
lu₂-iri;{'dubsar[scribe]'}
lu₂-iri-ki;{'kaguruk[supervisor]'}
lu₂-kar-zi-da;{'dubsar[scribe]'}
lu₂-ma-nu-um;{'MAR.TU[westerner]'}
lu₂-ma₂-gan;{'AN'}
lu₂-ma₂-gan-na;{'lu[person]'}
lu₂-ma₂-gur₈-re;{'sukkal[secretary]'}
lu₂-me-lam₂;{'nagada[herdsman]', 'PN'}
lu₂-sa₆;{'dubsar[scribe]'}
lu₂-sa₆-[ga];{'šabra[administrator]', 'PN'}
lu₂-sa₆-ga;{'lu[person]', 'dubsar[scribe]', 'unud[cowherd]', 'damgar[merchant]', 'šabra[administrator]', 'PN', 'FN', 'dumu[child]', 'sukkal[secretary]', 'muhaldim[cook]'}
lu₂-sa₆-i₃-zu;{'lungak[brewer]', 'FN'}
lu₂-sukkal;{'šagia[cup-bearer]'}
lu₂-sukkal-an-ka;{'malah[sailor]', 'lu[person]'}
lu₂-ti-ti;{'sukkal[secretary]'}
lu₂-unu{ki};{'lu[person]'}
lu₂-uru₁₁;{'ragaba[rider]'}
lu₂-uru₁₁{ki};{'kaguruk[supervisor]', 'dubsar[scribe]', 'unud[cowherd]', 'ragaba[rider]', 'sukkal[secretary]', 'muhaldim[cook]'}
lu₂-u₁₈!-um;{'niga[fattened]'}
lu₂-u₁₈-um;{'u[grass]', 'ŋešdu[breeder]', 'u', 'niga[fattened]'}
lu₂-u₁₈-um];{'niga[fattened]'}
lu₂-u₁₈]-um;{'niga[fattened]'}
lu₂-x;{'AN', 'u'}
lu₂-x-[...];{'dumu[child]'}
lu₂-x-x;{'MAR.TU[westerner]'}
lu₂-zabala₃;{'sipad[shepherd]'}
lu₂-{d}[...];{'mu[year]'}
lu₂-{d}[nanna];{'dubsar[scribe]'}
lu₂-{d}[nanše];{'dubsar[scribe]'}
lu₂-{d}[nin-gir₂]-su;{'kurušda[fattener]'}
lu₂-{d}[x;{'AN'}
lu₂-{d}asar-lu₂-hi;{'šabra[administrator]'}
lu₂-{d}ba-ba₆;{'nagada[herdsman]', 'AN', 'dubsar[scribe]', 'unud[cowherd]', 'dumu[child]', 'za[bead]', 'šutur[unmng]'}
lu₂-{d}da#-mu;{'sukkal[secretary]'}
lu₂-{d}da-mu;{'PN', 'kurušda[fattener]', 'nubanda[overseer]', 'sukkal[secretary]'}
lu₂-{d}da-mu!?;{'sukkal[secretary]'}
lu₂-{d}dumu-zi-da;{'nagada[herdsman]'}
lu₂-{d}eb-gal;{'dikud[judge]'}
lu₂-{d}en-ki;{'dumu[child]', 'sukkal[secretary]'}
lu₂-{d}en-lil₂;{'AN'}
lu₂-{d}en-lil₂-la₂;{'damgar[merchant]', 'lu[person]'}
lu₂-{d}geš-bar-e₃;{'engar[farmer]'}
lu₂-{d}inanna;{'šukud[fisherman]', 'nagada[herdsman]', 'u', 'engar[farmer]', 'kurušda[fattener]', 'dumu[child]', 'sukkal[secretary]', 'muhaldim[cook]'}
lu₂-{d}iškur;{'dubsar[scribe]'}
lu₂-{d}ma-lik;{'gin[firm]'}
lu₂-{d}nanna;{'šabra[administrator]', 'PN', 'dumu[child]', 'dikud[judge]', 'abgal[sage]', 'nubanda[overseer]', 'šakkanak[general]', 'X', 'kugdim[smith]', 'ugula[overseer]', 'u', 'FN', 'nar[musician]', 'kul[collect]', 'azu[doctor]', 'sukkal[secretary]', 'nukirik[gardener]', 'šarrabdu[administrator]', 'dubsar[scribe]', 'GN', 'damgar[merchant]', 'min[two]', 'šuʾi[barber]', 'sipad[shepherd]', 'šagia[cup-bearer]', 'agaʾus[soldier]', 'kuš[official]'}
lu₂-{d}nanna#;{'nubanda[overseer]', 'dikud[judge]', 'šabra[administrator]'}
lu₂-{d}nanna#?;{'nagada[herdsman]'}
lu₂-{d}nanše;{'dubsar[scribe]'}
lu₂-{d}nin#-šubur;{'dubsar[scribe]'}
lu₂-{d}nin-[gir₂-su];{'kurušda[fattener]'}
lu₂-{d}nin-[gir₂]-su;{'kurušda[fattener]'}
lu₂-{d}nin-gir₂-[su;{'kurušda[fattener]'}
lu₂-{d}nin-gir₂-su;{'nagada[herdsman]', 'lu[person]', 'šabra[administrator]', 'PN', 'kurušda[fattener]', 'dumu[child]'}
lu₂-{d}nin-sun₂;{'unud[cowherd]'}
lu₂-{d}nin-šubur;{'santanak[gardener]', 'dubsar[scribe]', 'unud[cowherd]', 'šabra[administrator]', 'PN', 'mu[year]', 'dumu[child]', 'nubanda[overseer]'}
lu₂-{d}nin-šubur-ra;{'en[cvne]'}
lu₂-{d}suen;{'ŋar[place]', 'lu[person]', 'šeš[brother]', 'dubsar[scribe]', 'damgar[merchant]', 'agaʾus[soldier]', 'sukkal[secretary]', 'nubanda[overseer]'}
lu₂-{d}utu;{'dubsar[scribe]', 'šakkanak[general]', 'sipad[shepherd]'}
lu₂-{d}x;{'u'}
lu₂-{d}šara₂;{'lu[person]', 'unud[cowherd]', 'šabra[administrator]', 'mu[year]', 'dumu[child]', 'ensik[ruler]'}
lu₂-{d}šara₂-ka;{'ŋar[place]'}
lu₂-{d}šu-x;{'AN'}
lu₂-{d}šu-{d}suen;{'dumu[child]'}
lu₂-{d}šul-gi;{'FN'}
lu₂-{d}šul-gi-ra;{'FN', 'bisaŋdubak[archivist]'}
lu₂-{geš}gigir?;{'dumu[child]'}
lu₂-ša-lim;{'gardu[soldier]', 'lu[person]', 'dubsar[scribe]', 'PN', 'nubanda[overseer]', 'X', 'ud[sun]'}
lu₂?-[...];{'u'}
lu₂?-dingir-ra;{'PN'}
lu₂]-{d}en-ki;{'sukkal[secretary]'}
lu₂]-ša-lim;{'dubsar[scribe]'}
ma#-ar#-hu#-ni#;{'lu[person]'}
ma#-na-a#?;{'nubanda[overseer]'}
ma-[šu;{'u'}
ma-an-gi;{'nita[male]'}
ma-an-nu-um-i₃-li₂;{'kuš[official]'}
ma-an-za-tum;{'TN'}
ma-ar-hu-ni;{'lu[person]'}
ma-at-gi₄-gi₄;{'galamah[singer]'}
ma-at-i₃-li₂;{'u', 'u[and]', 'mu[year]', 'ragaba[rider]', 'sukkal[secretary]', 'nubanda[overseer]'}
ma-az-gar₃-tum;{'kugsig[gold]'}
ma-aš₂;{'lu[person]'}
ma-di₃-na-ad;{'MAR.TU[westerner]'}
ma-lu-lu;{'mu[year]'}
ma-ma-a;{'lu[person]'}
ma-ma-keš₂;{'egia[bride]'}
ma-na-a;{'nubanda[overseer]'}
ma-na-ma-tum;{'MAR.TU[westerner]'}
ma-ni-il;{'MAR.TU[westerner]'}
ma-nu-ma-nu-um;{'lu[person]'}
ma-num₂#-[ki-{d}]šul-gi;{'dubsar[scribe]'}
ma-num₂#-ki-{d}šul#-gi#;{'šarrabdu[administrator]'}
ma-num₂-ki-{d}šul-gi;{'šarrabdu[administrator]', 'dubsar[scribe]'}
ma-num₂{ki}-{d}šul-gi;{'dubsar[scribe]'}
ma-num₂{um}-ki-{d}šul-<gi>;{'dubsar[scribe]'}
ma-x;{'AN'}
ma-šum;{'šagia[cup-bearer]', 'agaʾus[soldier]', 'ragaba[rider]', 'dubsar[scribe]', 'sukkal[secretary]'}
ma-šum#;{'AN'}
mah-ha-[ni-bi];{'zir[break]'}
mar-da-ba-nu-um;{'MAR.TU[westerner]'}
mar-hu-ni;{'lu[person]'}
mar₂-da;{'PN'}
mar₂-da-mu;{'AN'}
maš-gal;{'niga[fattened]'}
maš-gu-la;{'uddatuš[jester]', 'kuš[official]'}
maš-sa₆-sa₆;{'šagia[cup-bearer]'}
maš-tur;{'šagia[cup-bearer]'}
ma₂-sa₆-sa₆;{'šagia[cup-bearer]'}
me#-{d}ištaran;{'dumumunus[daughter]', 'FN'}
me-eš₁₈-dar;{'dumu[child]'}
me-gu-um;{'ensik[ruler]'}
me-nigar{gar};{'X'}
me-ra-ah-{d}šul-gi;{'dumu[child]'}
me-{d}ištaran;{'dumumunus[daughter]', 'FN', 'ud[sun]'}
me-{d}ištaran!;{'dumumunus[daughter]'}
me-{d}ištaran#;{'eʾud[week]'}
me-{d}ištaran-e;{'X'}
me-{d}ištaran-na;{'kaš[beer]'}
me-{d}nanna?;{'sukkal[secretary]'}
me-{d}šul-gi;{'dumumunus[daughter]'}
me-ša#-[nu-nu?];{'X'}
mi-da-a;{'lu[person]'}
mi-da-nu-um;{'MAR.TU[westerner]'}
mi-gir-{d}nin-lil₂-tum;{'egia[bride]'}
mi-id-gur₈;{'kuš[official]'}
mi-ki-a;{'FN'}
mu-da-nu-um;{'MAR.TU[westerner]'}
mu-ra-u₂-e;{'sukkal[secretary]'}
mu-ri-na-ba;{'ŋiri[foot]'}
mu-ru-wa;{'sukkal[secretary]'}
mu-ur₂-ti-ga-ba;{'nubanda[overseer]'}
mu-x-x;{'PN'}
mu-ša;{'sig[clear]'}
mu-šu?-hur-da;{'lu[person]'}
mun-gazi;{'numun[seed]'}
muš-da-nu-um;{'MAR.TU[westerner]'}
muš-lah₅;{'DN'}
mu₆-ha-a;{'nubanda[overseer]'}
na#-lu₅;{'PN'}
na#-sa₆;{'PN'}
na#-x;{'AN'}
na-[...;{'PN'}
na-[...];{'lu[person]'}
na-[ba]-sa₆;{'kurušda[fattener]'}
na-[lu₅;{'PN'}
na-[sa₆;{'PN'}
na-[x-...];{'X'}
na-a-na;{'FN'}
na-ab-<la>-nu-um;{'MAR.TU[westerner]'}
na-ab-[la-nu]-um#;{'MAR.TU[westerner]'}
na-ab-[la-num₂];{'MAR.TU[westerner]'}
na-ab-la-num₂;{'MAR.TU[westerner]'}
na-ab-la-zum;{'nubanda[overseer]'}
na-ab-ša-nu-um;{'lu[person]'}
na-ah-ba-tum;{'X', 'šub[fall]', 'gag[nail]'}
na-ak-da-ma-ri;{'lu[person]'}
na-ap#-[la-nu]-um;{'MAR.TU[westerner]'}
na-ap-la!(NA)-nu-um;{'MAR.TU[westerner]'}
na-ap-la-[num₂];{'MAR.TU[westerner]'}
na-ap-la-nu-um;{'MAR.TU[westerner]'}
na-ap-la-num₂;{'MAR.TU[westerner]', 'šag[heart]', 'u'}
na-ap-la-num₂#;{'PN'}
na-ap-la-num₂?;{'MAR.TU[westerner]'}
na-ap-la]-num₂;{'PN'}
na-ap-li₂-is-e₂-a;{'nar[musician]'}
na-ap-li₂-is?;{'malah[sailor]'}
na-bi-{d}suen;{'dumu[child]'}
na-bi₂-a;{'nubanda[overseer]'}
na-bi₂-um;{'FN'}
na-bi₂-{d}suen;{'maššugidgid[diviner]', 'nubanda[overseer]', 'lu[person]', 'u', 'sukkal[secretary]'}
na-bi₂-{d}suen#;{'nubanda[overseer]'}
na-du-be-li₂;{'MAR.TU[westerner]', 'ensik[ruler]'}
na-ga;{'nar[musician]'}
na-ha-pa₂-tal;{'X', 'ragaba[rider]', 'lu[person]', 'sukkal[secretary]'}
na-he₂-zi;{'dumu[child]'}
na-lu₅;{'AN', 'šulaʾa[consignment]', 'PN', 'kurušda[fattener]', 'X', 'šag[heart]', 'ud[sun]'}
na-lu₅#;{'u', 'PN'}
na-me-er-dingir?;{'azu[doctor]'}
na-na#-u₃#;{'lu[person]'}
na-na-u₃;{'lu[person]'}
na-ra-am-i₃-li₂;{'mu[year]', 'nubanda[overseer]', 'u', 'sukkal[secretary]'}
na-ra-am-{d}iškur;{'nubanda[overseer]', 'sukkal[secretary]'}
na-sa₆;{'ŋar[place]', 'kurušda[fattener]', 'u', 'PN', 'ud[sun]'}
na-sa₆#;{'kurušda[fattener]', 'PN'}
na-sa₆#-[ta;{'PN'}
na-sa₆#-[ta];{'PN'}
na-sa₆#?;{'kurušda[fattener]'}
na-sa₆-[ta;{'PN'}
na-sa₆-ra;{'bangi[response]', 'zig[rise]'}
na-silim;{'azlag[fuller]', 'FN', 'šabra[administrator]', 'ud[sun]'}
na-tum-da;{'ki[place]'}
na-wa-ar-še-en;{'FN'}
na]-ap-la-num₂;{'MAR.TU[westerner]'}
na]-lu₅;{'PN'}
na]-lu₅-ta#;{'PN'}
na]-sa₆#;{'PN'}
nam-ha-ni-bi;{'zir[break]'}
nam-mah-{d}ba-ba₆;{'ragaba[rider]'}
nam-ti-ab;{'šagia[cup-bearer]'}
nam-zi-tar-ra;{'dikud[judge]', 'nubanda[overseer]', 'ensik[ruler]'}
ne-[ni]-la;{'sukkal[secretary]'}
ne-gi-bu-um;{'kugbabbar[silver]'}
ne-ra-ti;{'lu[person]'}
ni#?-ba?-{d}lamma;{'PN'}
ni-AN-bu-li;{'šeš[brother]'}
ni-a-um;{'kuš[official]'}
ni-ba-ba;{'šabra[administrator]'}
ni-da-gu₂;{'lu[person]'}
ni-im-zi;{'lu[person]'}
ni-in-mu;{'nubanda[overseer]'}
ni-tam-ma;{'gin[firm]'}
ni-tam-ma#;{'u'}
nigar{gar}-ki-du₁₀;{'FN', 'X', 'sukkal[secretary]'}
nig₂-[mu-mu]-kal-[le;{'ragaba[rider]'}
nig₂-du₁₁-ga-ni;{'sipad[shepherd]'}
nig₂-kal-la;{'nubanda[overseer]'}
nig₂-ma-ma;{'nubanda[overseer]'}
nig₂-mu-mu-kal-le;{'ragaba[rider]'}
nig₂-pa;{'PN'}
nig₂-se₃-ga;{'AN'}
nig₂-x;{'u'}
nig₂-{d}ba-ba₆;{'dubsar[scribe]', 'kurušda[fattener]', 'šidim[builder]'}
nig₂-šu-ba-ba#;{'MAR.TU[westerner]'}
nimgir-di-de₃;{'nubanda[overseer]'}
nin-ga₂;{'X', 'u'}
nin-ha-ma-ti;{'kurušda[fattener]', 'ragaba[rider]', 'du[go]'}
nin-he₂-du₇;{'egia[bride]'}
nin-ik-sur₂;{'lu[person]'}
nin-ka;{'gub[stand]'}
nin-kur;{'niga[fattened]'}
nin-ku₃-zu#;{'dumu[child]'}
nin-ne-na-ba;{'dumu[child]'}
nin-šuba₃;{'lu[person]'}
nin?-{d}nin-gubalag;{'nar[musician]'}
nin₉?-kal-la;{'dumu[child]'}
nir-i₃-da-gal₂;{'šakkanak[general]'}
nu!-ur₂-{d}suen;{'dubsar[scribe]'}
nu#-ur₂#-[{d}suen];{'dubsar[scribe]'}
nu#-ur₂-{d#}suen#;{'šagia[cup-bearer]'}
nu#-ur₂-{d}iškur;{'ragaba[rider]'}
nu#-ur₂-{d}suen;{'dubsar[scribe]'}
nu-[ur₂-{d}suen;{'dubsar[scribe]'}
nu-[ur₂-{d}x;{'u'}
nu-ba-an;{'nubanda[overseer]'}
nu-banda₃-gu₄;{'FN'}
nu-da-tum;{'MAR.TU[westerner]'}
nu-hi-dingir;{'ragaba[rider]', 'sukkal[secretary]'}
nu-hi-lum;{'lu[person]'}
nu-ki-{d}iškur;{'u'}
nu-uk-ra-nu-um;{'MAR.TU[westerner]'}
nu-ur₂#-[{d}]suen#;{'dubsar[scribe]'}
nu-ur₂#-[{d}suen;{'dubsar[scribe]'}
nu-ur₂#-{d}suen;{'šatam[official]'}
nu-ur₂-[{d}iškur];{'dubsar[scribe]'}
nu-ur₂-[{d}suen];{'dubsar[scribe]'}
nu-ur₂-eš₁₈-dar;{'PN', 'nubanda[overseer]', 'dubsar[scribe]', 'sukkal[secretary]'}
nu-ur₂-eš₁₈?-dar?;{'ensik[ruler]'}
nu-ur₂-i₃-li₂;{'lu[person]', 'dubsar[scribe]', 'GN', 'šagia[cup-bearer]', 'dumu[child]', 'nubanda[overseer]', 'hazanum[mayor]'}
nu-ur₂-ma;{'n'}
nu-ur₂-ra;{'šagia[cup-bearer]'}
nu-ur₂-ra-a;{'šagia[cup-bearer]'}
nu-ur₂-ra-a#?;{'šagia[cup-bearer]'}
nu-ur₂-su₂;{'nubanda[overseer]'}
nu-ur₂-zu;{'šagia[cup-bearer]', 'nubanda[overseer]', 'dubsar[scribe]', 'lu[person]'}
nu-ur₂-zu-[bi;{'ŋal[be]'}
nu-ur₂-{d}[suen;{'dubsar[scribe]'}
nu-ur₂-{d}[suen];{'dubsar[scribe]'}
nu-ur₂-{d}da-gan;{'FN', 'ensik[ruler]'}
nu-ur₂-{d}iškur;{'dubsar[scribe]', 'šagia[cup-bearer]', 'ragaba[rider]', 'sukkal[secretary]', 'PN'}
nu-ur₂-{d}iškur#;{'dubsar[scribe]'}
nu-ur₂-{d}suen;{'lu[person]', 'dubsar[scribe]', 'kuš[official]', 'PN', 'šagia[cup-bearer]', 'dumu[child]', 'mu[year]', 'sukkal[secretary]', 'šatam[official]'}
nu-ur₂-{d}suen#;{'dubsar[scribe]', 'u', 'šatam[official]'}
nu-ur₂-{d}suen#?;{'dubsar[scribe]'}
nu-ur₂-{d}suen];{'šarrabdu[administrator]', 'dubsar[scribe]'}
nu-ur₂-{d}utu;{'ragaba[rider]'}
nu-ur₂-{d}šul-gi;{'X', 'en[cvne]'}
nu-ur₂?-{d}suen;{'dubsar[scribe]'}
nu-ur₂]-{d}suen;{'dubsar[scribe]'}
nu-x;{'AN', 'u'}
nu?-ri-lugal?;{'ŋeš[tree]'}
nu]-ur₂#-{d}suen;{'PN'}
nu]-ur₂-eš₁₈?-dar?;{'u'}
nu]-ur₂-{d}iškur;{'dubsar[scribe]'}
nu]-ur₂-{d}suen;{'dubsar[scribe]'}
pa-na-na;{'lu[person]'}
pa₂-da-ni;{'FN'}
pa₃-da;{'nukirik[gardener]', 'huŋ[hire]'}
pa₃-da-mu;{'sukkal[secretary]'}
pa₃]-da;{'DN'}
pa₄-pa₄;{'nin[sister]'}
pe-ru-ru-ti;{'lukur[priestess]'}
peš₂-tur-tur;{'dumumunus[daughter]'}
pi₂-ir-ha-šum;{'sukkal[secretary]'}
pu-du-um-ki-ri-iš;{'lu[person]'}
pu-hi-i₃-zi;{'X'}
pu-šu-ki-in;{'nubanda[overseer]', 'lu[person]'}
pu₃-um-wa-qar;{'dubsar[scribe]', 'u'}
qu₂-ra-ad-i₃-li₂;{'šarrabdu[administrator]', 'nubanda[overseer]', 'šatam[official]'}
ra#-ši#;{'lu[person]'}
ra-ab-hu-ti;{'sukkal[secretary]'}
ra-ba-il;{'MAR.TU[westerner]'}
ra-ha-u₃;{'MAR.TU[westerner]'}
ra-ši;{'lu[person]'}
ra?-bu-tum;{'PN'}
ri#-iz-dingir;{'šarrabdu[administrator]'}
ri-[x];{'u'}
ri-ba-ga-da;{'ragaba[rider]', 'šuʾi[barber]'}
ri-ga-ba-da;{'ragaba[rider]'}
ri-ib!-hu-ti;{'sukkal[secretary]'}
ri-ib-hu-ti;{'sukkal[secretary]'}
ri-ma-nu-um;{'MAR.TU[westerner]'}
ri-mi-dingir;{'ragaba[rider]'}
ri-zi-dingir;{'ragaba[rider]'}
ri₂-ba-a;{'ensik[ruler]'}
ri₂?-ba-a;{'ensik[ruler]'}
ru-ba-tum;{'dam[spouse]'}
ru-uš-dam;{'dumu[child]'}
ru?-hu;{'nubanda[overseer]'}
sag-du₃;{'X'}
sag-{d}nanna-zu;{'šabra[administrator]'}
sal-mah;{'AN', 'muhaldim[cook]'}
sal?-mah;{'muhaldim[cook]'}
sa₂-ah-ha;{'GN'}
sa₂-si₂;{'udu[sheep]'}
sa₃-si₂;{'munus[woman]', 'PN', 'u[and]', 'n', 'šakkanak[general]', 'X', 'ud[sun]'}
sa₃-si₂#;{'AN'}
sa₃-si₂-ka;{'ŋar[place]'}
sa₃-si₂-še₃;{'itud[moon]'}
si-<la>;{'engar[farmer]'}
si-PI-it;{'mušendu[bird-catcher]'}
si-la;{'unud[cowherd]'}
sipa-hi-li;{'X'}
sipa-si-in;{'šagia[cup-bearer]'}
sipa-si-ni;{'šagia[cup-bearer]'}
sipa-si:in;{'šagia[cup-bearer]'}
sipa-{d}nanše-in-pa₃;{'idu[doorkeeper]'}
si₂-mat-i₃-li₂;{'dumu[child]'}
su-pu-uš;{'lu[person]'}
suhuš-gi-in;{'dumu[child]', 'min[two]'}
suhuš-ki-in;{'šakkanak[general]', 'lu[person]', 'dubsar[scribe]', 'PN', 'u[and]', 'kurušda[fattener]', 'sukkal[secretary]', 'nubanda[overseer]'}
su₂-su₂-wa-da-ar;{'lu[person]'}
ta;{'e[speak]', 'ud[sun]'}
ta?-gu₄?;{'šagia[cup-bearer]'}
ta?-ra?-am?-dingir;{'dubsar[scribe]'}
tab-ba-i₃-li₂;{'nagada[herdsman]', 'dumu[child]', 'sipad[shepherd]'}
tah-ša-tal;{'ragaba[rider]', 'PN'}
ta₂-bur-PA-tum;{'egia[bride]'}
ta₂-din-eš₁₈-dar;{'X'}
ta₂-din-ki-za;{'nar[musician]'}
ta₂-di₃-ki-za;{'nar[musician]'}
ta₂-hi#-iš-a-tal;{'PN'}
ta₂-hi-iš-a-tal;{'PN'}
ta₂-hi-iš-a-tal#;{'PN'}
ta₂-hi-iš-še-en;{'lu[person]'}
ta₂-hi-še-en;{'agaʾus[soldier]', 'nubanda[overseer]', 'lu[person]'}
ta₂-ki#-ru#-[um];{'šar[~cloth]'}
ta₂-ki-ru#-[um;{'šar[~cloth]'}
ta₂-ki-ru#-um;{'šar[~cloth]'}
ta₂-ki-ru-um#;{'šar[~cloth]'}
ta₂-ra-am-{d}šul-gi;{'dumumunus[daughter]'}
te-u₃;{'dumu[child]', 'nubanda[overseer]', 'GN'}
ti-ze₂-ma-ma;{'dumumunus[daughter]'}
tu-ga;{'šabra[administrator]'}
tu-li-id-{d}utu-ši;{'erešdiŋir[priestess]'}
tu-li₂-id-{d#}[utu-ši];{'erešdiŋir[priestess]'}
tu-li₂-id-{d}utu;{'erešdiŋir[priestess]'}
tu-li₂-id-{d}utu-ši;{'erešdiŋir[priestess]'}
tu-ra-a;{'nagada[herdsman]'}
tu-ra-am-i₃#-li₂;{'u[and]'}
tu-ra-am-i₃-li₂;{'damgar[merchant]', 'muhaldim[cook]'}
tu-ra-am-{d}da-gan;{'ragaba[rider]'}
tu-ra-nu-um;{'MAR.TU[westerner]'}
tur-ba-IGI;{'huŋ[hire]'}
tu₃-a-ra-am-{d}da-gan;{'lu[person]'}
u-bar-tum;{'azu[doctor]', 'aba[who?]'}
u-bar-um;{'nubanda[overseer]', 'ugula[overseer]', 'PN'}
ukken-ne₂;{'AN', 'u'}
ul-lam-še-en;{'lu[person]'}
ulu₃-di;{'dubsar[scribe]', 'PN'}
um-ku-lu-lu;{'nubanda[overseer]'}
um-me;{'X', 'ga[milk]'}
um-mi-du₁₀;{'dumu[child]'}
un-da;{'šabra[administrator]'}
un-za-mu;{'engar[farmer]'}
ur#-[nigar]{gar#};{'kuš[official]'}
ur#-[{d}ba-ba₆?];{'muhaldim[cook]'}
ur#-[{d}en-lil₂-la₂];{'šarrabdu[administrator]'}
ur#-[{d}gilgamesₓ(|BIL₃.GA.MES|);{'šarrabdu[administrator]'}
ur#-[{d}lugal-banda₃{da};{'dubsar[scribe]'}
ur#-e₂-an-na;{'ensik[ruler]'}
ur#-e₂-dar-a;{'šagia[cup-bearer]'}
ur#-mes;{'unud[cowherd]', 'ensik[ruler]'}
ur#-mes#;{'ensik[ruler]'}
ur#-nigar;{'dubsar[scribe]'}
ur#-{d#}ba#-ba₆#;{'u[and]'}
ur#-{d#}lamma;{'ensik[ruler]'}
ur#-{d#}šul-[pa]-e₃#;{'dubsar[scribe]'}
ur#-{d}ba-ba₆;{'unud[cowherd]', 'muhaldim[cook]', 'šabra[administrator]'}
ur#-{d}iškur;{'ensik[ruler]'}
ur#-{d}nin-gal;{'šabra[administrator]'}
ur#-{d}nin-pa;{'nar[musician]'}
ur#-{d}suen;{'FN'}
ur#-{d}šara₂;{'šagia[cup-bearer]'}
ur#-{geš}gigir;{'unud[cowherd]'}
ur#-šu#-ga#-lam#-ma#;{'PN'}
ur-[...];{'šabra[administrator]', 'dumu[child]', 'lu[person]', 'arad[slave]'}
ur-[mes];{'ensik[ruler]'}
ur-[nigar]{gar};{'kaguruk[supervisor]'}
ur-[x;{'u'}
ur-[x];{'muhaldim[cook]'}
ur-[x]-x;{'PN'}
ur-[{d}]lamma;{'šagia[cup-bearer]'}
ur-[{d}šul]-pa-e₃;{'dubsar[scribe]'}
ur-[šu];{'muhaldim[cook]'}
ur-ab-ba;{'engar[farmer]'}
ur-ad-gi₄-gi₄;{'galamah[singer]'}
ur-al-la;{'nagada[herdsman]', 'idu[doorkeeper]'}
ur-am₃-ma;{'dumu[child]'}
ur-banda₃{da};{'kurušda[fattener]'}
ur-bara₂-si-ga;{'lu[person]'}
ur-dam;{'uddatuš[jester]', 'malah[sailor]'}
ur-dub;{'ensik[ruler]'}
ur-du₆;{'šagia[cup-bearer]'}
ur-du₆-ku₃;{'šuʾi[barber]'}
ur-du₆-ku₃-ga;{'sukkal[secretary]', 'kuš[official]'}
ur-eš₃-ku₃-ga;{'šuʾi[barber]'}
ur-e₁₁-dam;{'kuš[official]'}
ur-e₁₁-e;{'damgar[merchant]', 'kuš[official]'}
ur-e₂-a;{'ensik[ruler]'}
ur-e₂-an-na;{'u', 'dumu[child]', 'ensik[ruler]', 'sukkal[secretary]', 'nubanda[overseer]', 'gugal[inspector]'}
ur-e₂-nun-na;{'nagada[herdsman]'}
ur-ga₂-gi₄-a;{'dubsar[scribe]'}
ur-ge₆-par₄-ra;{'dubsar[scribe]'}
ur-ki-gu-la;{'arad[slave]'}
ur-ki-ku₃-ga;{'nar[musician]'}
ur-kun;{'sipad[shepherd]'}
ur-kun!;{'sipad[shepherd]'}
ur-ku₃-[nun-na;{'PN'}
ur-ku₃-ga;{'kuš[official]'}
ur-ku₃-nun#-na;{'PN'}
ur-ku₃-nun-<na>;{'kurušda[fattener]'}
ur-ku₃-nun-[na];{'PN'}
ur-ku₃-nun-na;{'ŋal[be]', 'ŋiri[foot]', 'dubsar[scribe]', 'šabra[administrator]', 'PN', 'dumu[child]', 'n', 'muhaldim[cook]'}
ur-ku₃-nun-na#;{'PN'}
ur-ku₃-nun-na-ka;{'ŋal[be]'}
ur-ku₃-nun-na-ka#;{'ŋar[place]'}
ur-ku₃-nun]-na;{'PN'}
ur-ku₃]-nun-na;{'PN'}
ur-li;{'itud[moon]'}
ur-lugal;{'nagada[herdsman]', 'dumu[child]', 'kišib[seal]'}
ur-ma?-mi;{'ummia[expert]'}
ur-me-lam₂-an-na;{'sukkal[secretary]'}
ur-me-me;{'šarrabdu[administrator]', 'dumu[child]', 'min[two]', 'sukkal[secretary]'}
ur-mes;{'lu[person]', 'zir[break]', 'šabra[administrator]', 'arad[slave]', 'PN', 'dumu[child]', 'n', 'šakkanak[general]', 'nubanda[overseer]', 'ugula[overseer]', 'u', 'ara[times]', 'ensik[ruler]', 'nar[musician]', 'bisaŋdubak[archivist]', 'malah[sailor]', 'siškur[prayer]', 'nukirik[gardener]', 'muhaldim[cook]', 'nagada[herdsman]', 'ŋal[be]', 'dubsar[scribe]', 'šagia[cup-bearer]', 'agaʾus[soldier]', 'mušendu[bird-catcher]'}
ur-mes!;{'u'}
ur-mu;{'šakkanak[general]'}
ur-nigar;{'dubsar[scribe]', 'u', 'lu[person]', 'lal[small]'}
ur-nigar#{gar};{'šabra[administrator]'}
ur-nigar[{gar}];{'kaguruk[supervisor]'}
ur-nigar{gar#?};{'u'}
ur-nigar{gar};{'santanak[gardener]', 'nagada[herdsman]', 'kaguruk[supervisor]', 'AN', 'lu[person]', 'šeš[brother]', 'unud[cowherd]', 'PN', 'sipad[shepherd]', 'šagia[cup-bearer]', 'simug[smith]', 'FN', 'dumu[child]', 'nubanda[overseer]', 'nar[musician]', 'sukkal[secretary]', 'kaš[runner]', 'šakkanak[general]', 'X', 'muhaldim[cook]', 'kuš[official]'}
ur-nig₂;{'AN', 'dubsar[scribe]', 'u', 'dumu[child]', 'n', 'X', 'muhaldim[cook]'}
ur-pu₂-mun-na;{'bar[outside]'}
ur-ra;{'zir[break]', 'kišib[seal]'}
ur-sa₆#;{'AN'}
ur-sa₆-ga;{'AN', 'kaguruk[supervisor]', 'lu[person]', 'dubsar[scribe]', 'mu[name]', 'u', 'šabra[administrator]', 'sipad[shepherd]', 'kurušda[fattener]', 'FN', 'dumu[child]', 'dikud[judge]', 'nubanda[overseer]', 'sukkal[secretary]', 'mušendu[bird-catcher]', 'en[cvne]', 'šakkanak[general]', 'X', 'muhaldim[cook]'}
ur-sa₆-ga#?;{'u'}
ur-sa₆-ga-mu;{'bisaŋdubak[archivist]'}
ur-sa₆-sa₆-ga;{'ensik[ruler]'}
ur-si-gar-ra;{'agaʾus[soldier]'}
ur-su;{'lu[person]'}
ur-sukkal;{'GN', 'šabra[administrator]', 'u[and]', 'šagia[cup-bearer]', 'dumu[child]', 'nar[musician]', 'sukkal[secretary]'}
ur-ti;{'kurušda[fattener]'}
ur-tilla₂!;{'šabra[administrator]'}
ur-tilla₃;{'FN'}
ur-tilla₅;{'FN', 'sukkal[secretary]'}
ur-tul₂-sag;{'unud[cowherd]'}
ur-tum-ma-al;{'šarrabdu[administrator]', 'idu[doorkeeper]', 'dumu[child]', 'X'}
ur-tur;{'PN'}
ur-tur-ra;{'en[cvne]'}
ur-uš-gid₂-da;{'dubsar[scribe]'}
ur-uš-gid₂]-da;{'dubsar[scribe]'}
ur-x;{'ki[place]', 'u', 'AN', 'ensik[ruler]'}
ur-x-[...];{'nar[musician]'}
ur-x-[x]-x;{'AN'}
ur-zu;{'lu[person]'}
ur-{d#}nin#-gubalag;{'nar[musician]'}
ur-{d#}šul#-[...];{'dumu[child]'}
ur-{d}EN-[x];{'dumu[child]'}
ur-{d}KA#;{'AN'}
ur-{d}[...];{'PN'}
ur-{d}[lamma;{'ensik[ruler]'}
ur-{d}[x];{'dubsar[scribe]'}
ur-{d}[šul-gi]-ra;{'AN'}
ur-{d}[šul]-pa-e₃;{'dubsar[scribe]'}
ur-{d}]ba-ba₆;{'dubsar[scribe]'}
ur-{d}]lugal#-banda₃{da};{'dubsar[scribe]'}
ur-{d}]nin-kur-ra;{'ensik[ruler]'}
ur-{d}a-šar₂;{'nubanda[overseer]'}
ur-{d}amar-{d}suen;{'sukkal[secretary]'}
ur-{d}asar-lu₂-hi;{'šabra[administrator]'}
ur-{d}ašnan;{'dumu[child]'}
ur-{d}ba#-ba₆#;{'u', 'muhaldim[cook]'}
ur-{d}ba-[ba₆;{'AN'}
ur-{d}ba-[ba₆];{'muhaldim[cook]'}
ur-{d}ba-ba₆;{'lu[person]', 'unud[cowherd]', 'šabra[administrator]', 'PN', 'dumu[child]', 'nubanda[overseer]', 'X', 'ugula[overseer]', 'u', 'engar[farmer]', 'FN', 'mu[year]', 'ensik[ruler]', 'nar[musician]', 'AN', 'šeš[brother]', 'kurušda[fattener]', 'sukkal[secretary]', 'muhaldim[cook]', 'nagada[herdsman]', 'dubsar[scribe]', 'sipad[shepherd]', 'mušendu[bird-catcher]', 'kuš[official]'}
ur-{d}ba-ba₆-[ta;{'PN'}
ur-{d}ba-ba₆-ka;{'ŋal[be]'}
ur-{d}ba-ba₆-ke₄;{'ŋar[place]'}
ur-{d}ba-ba₆?;{'u'}
ur-{d}ba]-ba₆;{'muhaldim[cook]'}
ur-{d}bil₂-sag;{'ugula[overseer]'}
ur-{d}bil₃;{'nagada[herdsman]'}
ur-{d}da-mu;{'lumah[priest]', 'lu[person]', 'sukkal[secretary]'}
ur-{d}dam-gal-nun-<na>;{'dubsar[scribe]'}
ur-{d}dam-gal-nun-na;{'dubsar[scribe]', 'X'}
ur-{d}dam-ki-na;{'u'}
ur-{d}dumu-zi;{'engar[farmer]', 'kurušda[fattener]', 'kuš[official]'}
ur-{d}dumu-zi-da;{'nagada[herdsman]', 'unud[cowherd]', 'PN', 'sipad[shepherd]', 'FN', 'dumu[child]', 'agaʾus[soldier]', 'sukkal[secretary]', 'nubanda[overseer]'}
ur-{d}en;{'tur[small]'}
ur-{d}en-ki;{'lungak[brewer]', 'kurušda[fattener]', 'dumu[child]'}
ur-{d}en-lil₂;{'dubsar[scribe]'}
ur-{d}en-lil₂-[la₂?];{'sipad[shepherd]'}
ur-{d}en-lil₂-la₂;{'šarrabdu[administrator]', 'lu[person]', 'šeš[brother]', 'dubsar[scribe]', 'unud[cowherd]', 'damgar[merchant]', 'sipad[shepherd]', 'u[and]', 'kurušda[fattener]', 'idu[doorkeeper]', 'dikud[judge]', 'dumu[child]', 'dubsarmah[official]'}
ur-{d}en-lil₂]-la₂;{'dubsar[scribe]'}
ur-{d}er₃-ra;{'šuʾi[barber]'}
ur-{d}geštin-an-ka;{'u'}
ur-{d}gibil₆;{'šagia[cup-bearer]'}
ur-{d}gilgames₃;{'šabra[administrator]'}
ur-{d}gilgamesₓ(|BIL₃.GA.MES|);{'šarrabdu[administrator]', 'šagia[cup-bearer]', 'AN', 'ummia[expert]'}
ur-{d}gubalag;{'nar[musician]'}
ur-{d}ha-[ia₃;{'arad[slave]'}
ur-{d}ha-ia₃;{'sukkal[secretary]'}
ur-{d}hendur#-sag;{'ugula[overseer]'}
ur-{d}hendur-sag;{'X', 'lu[person]'}
ur-{d}ig-alim;{'lu[person]', 'dubsar[scribe]', 'šabra[administrator]', 'engar[farmer]', 'kurušda[fattener]', 'dumu[child]', 'muhaldim[cook]'}
ur-{d}iškur;{'dubsar[scribe]', 'unud[cowherd]', 'šabra[administrator]', 'šuʾi[barber]', 'PN', 'engar[farmer]', 'dumu[child]', 'ensik[ruler]', 'en[cvne]', 'ašgab[leatherworker]'}
ur-{d}ištaran;{'kurušda[fattener]', 'FN', 'nubanda[overseer]', 'dumu[child]'}
ur-{d}kal-kal;{'kurušda[fattener]'}
ur-{d}ku₃-nun-na;{'lu[person]'}
ur-{d}lamma;{'nagada[herdsman]', 'AN', 'lu[person]', 'šeš[brother]', 'dubsar[scribe]', 'unud[cowherd]', 'nagar[carpenter]', 'u', 'šagia[cup-bearer]', 'kurušda[fattener]', 'dumu[child]', 'ensik[ruler]', 'muhaldim[cook]', 'ummia[expert]'}
ur-{d}lamma#;{'ensik[ruler]'}
ur-{d}li₉#-[si₄];{'ensik[ruler]'}
ur-{d}li₉-si₄;{'nubanda[overseer]', 'taka[abandon]', 'ensik[ruler]'}
ur-{d}li₉-si₄-na;{'ensik[ruler]'}
ur-{d}lugal-banda₃#[{da}];{'dubsar[scribe]'}
ur-{d}lugal-banda₃{da};{'dubsar[scribe]', 'šabra[administrator]', 'bisaŋdubak[archivist]'}
ur-{d}lugal-edin-ka;{'kurušda[fattener]'}
ur-{d}namma;{'GN', 'u'}
ur-{d}nanna;{'sukkal[secretary]', 'PN', 'ensik[ruler]'}
ur-{d}nanše;{'šeš[brother]', 'malah[sailor]', 'gala[singer]', 'šabra[administrator]', 'sipad[shepherd]', 'šagia[cup-bearer]', 'kurušda[fattener]', 'mu[year]', 'dumu[child]'}
ur-{d}nanše?;{'dubsar[scribe]'}
ur-{d}nin#?-si₄#?-an-na;{'u'}
ur-{d}nin-[kur-ra];{'ensik[ruler]'}
ur-{d}nin-a-zu;{'idu[doorkeeper]'}
ur-{d}nin-da;{'unud[cowherd]'}
ur-{d}nin-gal;{'u', 'simug[smith]', 'GN', 'šabra[administrator]'}
ur-{d}nin-geš-zi-da;{'idu[doorkeeper]', 'dikud[judge]', 'FN', 'nubanda[overseer]', 'damgar[merchant]'}
ur-{d}nin-gubalag;{'šabra[administrator]', 'u', 'nar[musician]', 'sukkal[secretary]'}
ur-{d}nin-kur-ra;{'ensik[ruler]'}
ur-{d}nin-kur₂-ra;{'ensik[ruler]'}
ur-{d}nin-mug;{'šagia[cup-bearer]', 'ensik[ruler]', 'lu[person]'}
ur-{d}nin-pa;{'nar[musician]'}
ur-{d}nin-sun₂;{'dikud[judge]', 'šabra[administrator]'}
ur-{d}nin-tu;{'X'}
ur-{d}nin-urta;{'ensik[ruler]'}
ur-{d}nin-šubur;{'nubanda[overseer]', 'u'}
ur-{d}nisaba;{'lu[person]'}
ur-{d}nun-gal;{'idu[doorkeeper]', 'mu[year]', 'PN'}
ur-{d}nusku;{'šabra[administrator]'}
ur-{d}saman₃;{'dumu[child]'}
ur-{d}suen;{'AN', 'lu[person]', 'šeš[brother]', 'unud[cowherd]', 'šabra[administrator]', 'u', 'u[and]', 'idu[doorkeeper]', 'FN', 'dumu[child]', 'ensik[ruler]', 'zadim[stone-cutter]', 'muhaldim[cook]', 'ud[sun]'}
ur-{d}suen#;{'FN', 'muhaldim[cook]'}
ur-{d}suen#?;{'AN'}
ur-{d}tilla?;{'FN'}
ur-{d}tilla₃;{'FN', 'saŋŋa[official]'}
ur-{d}tum-ma-al;{'muhaldim[cook]'}
ur-{d}utu;{'engar[farmer]', 'nubanda[overseer]', 'muhaldim[cook]'}
ur-{d}x;{'AN', 'u', 'sipad[shepherd]'}
ur-{d}x-[x];{'dumu[child]'}
ur-{d}x-x;{'dumu[child]'}
ur-{d}šar-ru-gen?;{'sukkal[secretary]'}
ur-{d}šar-ru-gin₇;{'sukkal[secretary]'}
ur-{d}šara₂;{'AN', 'lu[person]', 'bisaŋdubak[archivist]', 'sipad[shepherd]', 'šagia[cup-bearer]', 'dumu[child]'}
ur-{d}šu-mah;{'ugula[overseer]'}
ur-{d}šu-zi-an-ka;{'muhaldim[cook]'}
ur-{d}šu-{d}suen;{'ragaba[rider]', 'sukkal[secretary]'}
ur-{d}šul-gi;{'šagia[cup-bearer]', 'dumu[child]', 'muhaldim[cook]', 'šabra[administrator]', 'sipad[shepherd]'}
ur-{d}šul-gi-ra;{'šarrabdu[administrator]', 'e[house]', 'bisaŋdubak[archivist]', 'šabra[administrator]', 'PN', 'šagia[cup-bearer]', 'dumu[child]', 'ensik[ruler]'}
ur-{d}šul-pa-e₃;{'AN', 'ur[roof]', 'lu[person]', 'dubsar[scribe]', 'sukkalmah[official]', 'malah[sailor]', 'sipad[shepherd]', 'šagia[cup-bearer]', 'kurušda[fattener]', 'dumu[child]', 'ragaba[rider]', 'mu[year]', 'sukkal[secretary]', 'kul[collect]', 'X', 'muhaldim[cook]'}
ur-{d}šul-pa-e₃#;{'AN', 'PN'}
ur-{geš}gigir;{'šukud[fisherman]', 'unud[cowherd]', 'ugula[overseer]', 'PN', 'sipad[shepherd]', 'idu[doorkeeper]', 'FN', 'dumu[child]', 'ensik[ruler]'}
ur-šar-ru-gin₇;{'sukkal[secretary]'}
ur-še₃;{'FN'}
ur-šu;{'muhaldim[cook]'}
ur-šu!;{'muhaldim[cook]'}
ur-šu-ga-lam#-[ma];{'dubsar[scribe]'}
ur-šu-ga-lam-ma;{'ŋar[place]', 'dubsar[scribe]', 'susig[flayer]', 'PN', 'sipad[shepherd]', 'n'}
ur-šu-ku₃-ga;{'irara[oil-presser]'}
ur-šum;{'FN'}
ur-šuš₃-{d}ba-ba₆;{'lu[person]'}
ur?-nigar{gar};{'kuš[official]'}
ur]-ku₃-nun-na-ta#;{'PN'}
ur]-mes#;{'ensik[ruler]'}
ur]-nigar{gar};{'nubanda[overseer]', 'kuš[official]'}
ur]-tilla₃#;{'saŋŋa[official]'}
ur]-{d}lamma;{'ensik[ruler]'}
uri₅#{ki}-ki-du₁₀;{'muhaldim[cook]'}
uri₅{ki}-<ki>-du₁₀;{'muhaldim[cook]'}
uri₅{ki}-ki-[du₁₀];{'muhaldim[cook]'}
uri₅{ki}-ki-du₁₀;{'muhaldim[cook]'}
ur₂-ra-dingir;{'AN'}
ur₄#-ša₃;{'še[barley]'}
uz-tur;{'siškur[prayer]', 'uš[die]', 'ara[times]', 'n', 'niga[fattened]'}
uš-gi-na;{'kurušda[fattener]'}
uš-mu;{'dubsar[scribe]', 'kurušda[fattener]', 'šagia[cup-bearer]', 'lu[person]'}
u₁₈-ba-a;{'ensik[ruler]'}
u₂-[la]-i₃-li₂;{'kuš[official]'}
u₂-ga-ab-bi-ir;{'X'}
u₂-gu-la;{'ensik[ruler]'}
u₂-la;{'dumu[child]'}
u₂-la-e-ni-iš;{'ragaba[rider]'}
u₂-la-i-li₂;{'kuš[official]'}
u₂-la-i-li₂-iš;{'ragaba[rider]'}
u₂-la-i-li₂?-iš;{'šuʾi[barber]'}
u₂-la-i₃-li₂-iš;{'ragaba[rider]', 'šuʾi[barber]'}
u₂-la-li₂-iš;{'ragaba[rider]'}
u₂-li-i₃-li₂;{'kuš[official]'}
u₂-li-li₂-iš;{'šuʾi[barber]'}
u₂-na-[ba-tal;{'ensik[ruler]'}
u₂-na-ba-tal;{'ensik[ruler]'}
u₂-ta-mi-šar-ra-am;{'ragaba[rider]'}
u₂-ta₂-mi-šar-am;{'ragaba[rider]'}
u₂-ta₂-mi-šar-ra-am;{'ragaba[rider]', 'PN'}
u₂-tu-ma₂#-ge₆;{'anna[metal]'}
u₂-tul₂-ma-ma;{'lu[person]'}
u₂-u₂-kal-la;{'sipad[shepherd]'}
u₂-u₂-mu;{'FN', 'agaʾus[soldier]', 'nubanda[overseer]', 'sukkal[secretary]', 'kuš[official]'}
u₂-ze₂-nu-ru-um;{'libir[old]'}
u₂-še₃-i₃-li₂;{'kuš[official]'}
u₃-amar-ba-šu;{'nar[musician]'}
u₃-ba-a;{'ensik[ruler]'}
u₃-ga;{'MAR.TU[westerner]'}
u₃-ga-a;{'MAR.TU[westerner]'}
u₃-ne;{'nubanda[overseer]'}
u₃-ri-ib;{'munus[woman]'}
u₃-za-ar;{'GN'}
u₃-zi-nu-ri;{'dubsar[scribe]'}
u₄-ne-nig₂-[sa₆-ga];{'MAR.TU[westerner]'}
u₄-nu₂-a-ka;{'egal[palace]'}
u₄-nu₂-a-ka-na;{'ki[place]'}
u₄-nu₂-a-ka-ni;{'ki[place]'}
u₄-sa₆-ga-mu;{'X'}
u₄-zu?-ma?;{'zir[break]'}
wa#-at#-ra-at;{'ugula[overseer]'}
wa#-ta₂#-ru-um;{'FN'}
wa-at-ra-at;{'ugula[overseer]'}
wa-da-ru-um;{'FN'}
wa-la-la;{'lu[person]'}
wa-qar-{d}šu-{d}suen;{'baza[dwarf]'}
wa-ta-ru-um;{'FN'}
wa-ta₂-[ru-um;{'FN'}
wa-ta₂-ru#-um#;{'ragaba[rider]'}
wa-ta₂-ru-[um;{'FN'}
wa-ta₂-ru-um;{'kurušda[fattener]', 'FN', 'ragaba[rider]', 'saŋŋa[official]', 'X'}
wa-wa-ti;{'nubanda[overseer]', 'damgar[merchant]'}
wa]-ta₂#-ru-um;{'saŋŋa[official]'}
wa]-ta₂-ru-um;{'FN'}
we-du-um;{'lu[person]'}
wi-ti-ma-aš-hi;{'mu[year]', 'min[two]'}
wu-u₂;{'sukkal[secretary]'}
x-KA;{'kurušda[fattener]'}
x-dingir-ra;{'dumu[child]'}
x-du-du;{'šakkanak[general]'}
za!-ri₂-iq;{'ensik[ruler]'}
za-a-an-nu-um;{'sipad[shepherd]'}
za-a-nu-um;{'sipad[shepherd]'}
za-a-num₂;{'mu[year]', 'sipad[shepherd]'}
za-ab-ra-am;{'n'}
za-ah;{'gug[carnelian]'}
za-al-ma-nu-um;{'MAR.TU[westerner]'}
za-an-na;{'lu[person]'}
za-an-nu-um;{'sipad[shepherd]', 'kuš[official]'}
za-an-num₂;{'lu[person]'}
za-an-ti-ru-um;{'idu[doorkeeper]'}
za-ga-an-BI?;{'lukur[priestess]'}
za-la-a;{'dikud[judge]', 'kag[mouth]'}
za-li-a;{'nubanda[overseer]'}
za-li₂-a;{'dubsar[scribe]'}
za-lu-a;{'engar[farmer]'}
za-na-a;{'šidim[builder]', 'lu[person]'}
za-na-nu-um;{'lu[person]'}
za-ri-iq;{'ensik[ruler]'}
za-ri-me-me;{'X'}
za-ri?-iq;{'lu[person]'}
za-ri₂!-[iq];{'lu[person]'}
za-ri₂-iq;{'engar[farmer]', 'nubanda[overseer]', 'lu[person]', 'sukkal[secretary]', 'ensik[ruler]'}
za-ri₂-qum;{'nubanda[overseer]'}
za₃?-bi-la₂;{'e[house]'}
ze₂-e-ze₂;{'ragaba[rider]'}
ze₂-pi;{'n'}
zi-ga-am₃;{'niŋ₂.ŠID[account]'}
zi-ib-na-tum;{'DN'}
zi-ib-ni-tum;{'u'}
zi-im-zi-la-ah;{'sipad[shepherd]'}
zi-ir-ki-lum;{'agaʾus[soldier]'}
zi-li-hu-um;{'tab[double]'}
zi-li-li₂;{'munus[woman]'}
zi-nu-gi;{'lu[person]'}
zi-x;{'lu[person]'}
zu#-ba-ga;{'zig[rise]'}
zu#-bu-uš;{'lu[person]'}
zu-ba-ga;{'u', 'PN'}
zu-bu-uš;{'lu[person]'}
zu-hu-tum;{'nubanda[overseer]'}
zu-hu-ut;{'lu[person]'}
zu-la-la;{'nar[musician]'}
zu-la-lum;{'AN'}
zu-la-ti;{'ragaba[rider]'}
zu-ri-im;{'lu[person]'}
zu-ur₂-zu-ra;{'lu[person]'}
zu-u₂-zu;{'šarrabdu[administrator]', 'sukkal[secretary]'}
zu₂-ga-li;{'PN'}
{[d]}suen#-a#-bu#-[šu];{'šagia[cup-bearer]'}
{d#}amar#-[{d}]suen#;{'lugal[king]'}
{d#}amar#-{d#}suen#;{'lugal[king]'}
{d#}amar-{d#}suen#;{'lugal[king]'}
{d#}amar-{d}suen#;{'lugal[king]'}
{d#}en#-ki#;{'X', 'šag[heart]'}
{d#}en#-lil₂-la₂;{'dim[create]'}
{d#}en-lil₂-la₂;{'dim[create]'}
{d#}en-lil₂-zi-ša₃-gal₂;{'PN'}
{d#}nanna#-ma-ba;{'dubsar[scribe]', 'šatam[official]'}
{d#}nin-isin₂{si}-na;{'GN'}
{d}EN-[x;{'AN'}
{d}[en-ki;{'du[spread]'}
{d}[en-lil₂-la₂;{'kurušda[fattener]'}
{d}[en-lil₂]-la₂#;{'dim[create]'}
{d}[nanna]-ma-ba;{'dubsar[scribe]'}
{d}[x]-ki-ag₂;{'šagia[cup-bearer]'}
{d}[šu-{d}]suen#-la-ma-har;{'šagia[cup-bearer]'}
{d}]amar#-{d}suen;{'lugal[king]'}
{d}]amar-{d}suen;{'lugal[king]'}
{d}]be-la-at-<suh₆>-ner;{'u[and]'}
{d}]en#-[lil₂-la₂];{'dim[create]'}
{d}]en#-ki;{'du[spread]'}
{d}]en#-lil₂-la₂;{'dim[create]'}
{d}]i#-bi₂#-{d#}[suen];{'lugal[king]'}
{d}]nanna-ma-ba;{'dubsar[scribe]'}
{d}]suen#-a-bu-[šu];{'šagia[cup-bearer]'}
{d}]šul-gi-a-a-mu;{'u'}
{d}a-ma-ga;{'AN'}
{d}amar#-[{d}]suen;{'lugal[king]'}
{d}amar-{d#}suen#;{'lugal[king]'}
{d}amar-{d}suen;{'guza[chair]', 'šag[heart]', 'AN', 'e[house]', 'lugal[king]'}
{d}amar-{d}suen-<na>-engar#-{d}en-lil₂;{'šagia[cup-bearer]'}
{d}amar-{d}suen-ka;{'e[house]'}
{d}amar-{d}suen-ke₄;{'GN'}
{d}amar-{d}suen-na-ra-am-{d}en-lil₂;{'sukkal[secretary]'}
{d}amar-{d}suen-zi-kalam-ma;{'sukkal[secretary]'}
{d}amar]-{d}suen;{'lugal[king]'}
{d}ba-ba₆-da-nu-me-a;{'engar[farmer]'}
{d}be-la-at-suh-ne-er;{'u[and]'}
{d}be-la-at-suh-ner;{'u[and]', 'šag[heart]'}
{d}be-la-at-suh₆-ner;{'u[and]'}
{d}be-la-at-šu?-gu-nir;{'u[and]'}
{d}da-[...];{'tur[small]'}
{d}da-gan-a-bu;{'lu[person]'}
{d}da-gan-du-ni;{'FN'}
{d}en#-[ki];{'X'}
{d}en-[lil₂-la₂];{'dim[create]'}
{d}en-[lil₂-zi]-ša₃-gal₂;{'PN'}
{d}en-[lil₂]-la₂#;{'dim[create]'}
{d}en-ki;{'ŋeškiŋti[workshop]', 'ašag[field]', 'ur[roof]', 'e[house]', 'dim[create]', 'DN', 'du[spread]', 'GN', 'PN', 'ara[times]', 'X', 'šag[heart]'}
{d}en-lil₂#-la₂;{'dim[create]'}
{d}en-lil₂-[la₂;{'AN'}
{d}en-lil₂-a-bu-šu;{'šagia[cup-bearer]'}
{d}en-lil₂-al-šu;{'dumu[child]'}
{d}en-lil₂-a₂-mah;{'šagia[cup-bearer]'}
{d}en-lil₂-da;{'dumu[child]'}
{d}en-lil₂-la₂;{'ŋar[place]', 'AN', 'du[build]', 'dim[create]', 'unud[cowherd]', 'kurušda[fattener]', 'mu[year]', 'X'}
{d}en-lil₂-la₂#;{'ragaba[rider]'}
{d}en-lil₂-re-ez-zum;{'šagia[cup-bearer]'}
{d}en-lil₂-zi;{'lu[person]'}
{d}en-lil₂-zi-ša₃-gal₂;{'šagia[cup-bearer]', 'zabardab[official]', 'ensik[ruler]', 'PN'}
{d}en-lil₂-zi-ša₃-gal₂-še₃;{'X'}
{d}en-nimgir-si;{'PN'}
{d}er₃-ra-zu;{'ud[sun]'}
{d}gur₈-gur₈;{'PN'}
{d}i-bi₂-[{d}]suen;{'lugal[king]'}
{d}i-bi₂-[{d}suen];{'lugal[king]'}
{d}i-bi₂-{d}suen;{'lugal[king]', 'aga[tiara]'}
{d}i]-bi₂#-{d}suen;{'lugal[king]'}
{d}inanna-zi-mu;{'galamah[singer]'}
{d}iškur-ba-ni;{'engar[farmer]', 'nagada[herdsman]'}
{d}iškur-da-mi-iq;{'dumu[child]'}
{d}iškur-dan;{'šeš[brother]'}
{d}iškur-illat;{'šarrabdu[administrator]', 'nubanda[overseer]'}
{d}iškur-ra-bi₂;{'nubanda[overseer]'}
{d}i₇-lu₂-ru-gu₂-de₃;{'kaš[beer]'}
{d}ku-ku;{'e[house]', 'PN'}
{d}lamma-e-silim-mu;{'dumu[child]'}
{d}lamma-igi-du;{'dubsar[scribe]', 'bala[turn]', 'GN', 'u'}
{d}lugal-ku₃-zu#;{'šagia[cup-bearer]'}
{d}nanna#-[ma-ba];{'dubsar[scribe]'}
{d}nanna#-kam;{'sukkal[secretary]'}
{d}nanna#-ma-ba;{'šatam[official]'}
{d}nanna#-ma-ba#;{'dubsar[scribe]'}
{d}nanna-PAD;{'ragaba[rider]'}
{d}nanna-[ki]-ag₂;{'nubanda[overseer]'}
{d}nanna-[ma-ba;{'dubsar[scribe]'}
{d}nanna-[ma-ba];{'dubsar[scribe]'}
{d}nanna-[ma]-ba;{'dubsar[scribe]'}
{d}nanna-dalla;{'kurušda[fattener]', 'sukkal[secretary]'}
{d}nanna-he₂-gal₂;{'santanak[gardener]'}
{d}nanna-igi-du;{'šagia[cup-bearer]'}
{d}nanna-igi-du#;{'šagia[cup-bearer]'}
{d}nanna-i₃-gi;{'sukkal[secretary]', 'kuš[official]'}
{d}nanna-i₃-gi-in;{'sukkal[secretary]'}
{d}nanna-i₃-sa₆;{'dumu[child]'}
{d}nanna-i₃-zi;{'kuš[official]'}
{d}nanna-i₃-zi-in;{'sukkal[secretary]'}
{d}nanna-kam;{'sukkal[secretary]', 'šuʾi[barber]'}
{d}nanna-ki-ag₂;{'nubanda[overseer]', 'šabra[administrator]', 'kuš[official]'}
{d}nanna-ku₃-zu;{'dumu[child]'}
{d}nanna-lugal;{'PN'}
{d}nanna-ma!-ba;{'dubsar[scribe]'}
{d}nanna-ma!-ba!;{'dubsar[scribe]'}
{d}nanna-ma#-ba;{'dubsar[scribe]'}
{d}nanna-ma-[ba;{'dubsar[scribe]'}
{d}nanna-ma-[ba];{'dubsar[scribe]'}
{d}nanna-ma-an-ba;{'FN', 'sukkal[secretary]'}
{d}nanna-ma-ba;{'dubsar[scribe]', 'PN', 'ŋiri[foot]', 'šatam[official]'}
{d}nanna-ma-ba!;{'dubsar[scribe]'}
{d}nanna-zi-ša₃#-[gal₂];{'ensik[ruler]'}
{d}nanna-zi-ša₃-gal₂;{'ensik[ruler]'}
{d}nanše-GIR₂@g-gal;{'X'}
{d}nanše-kam;{'X', 'u', 'en[cvne]', 'zig[rise]'}
{d}nin#;{'AN'}
{d}nin#?;{'AN'}
{d}nin-e₂-an-na;{'X'}
{d}nin-e₂-gal-e-si;{'balaŋ[instrument]'}
{d}nin-e₂-gal-igi-du;{'dubsar[scribe]'}
{d}nin-gir₂-su-ka-i₃-sa₆;{'kurušda[fattener]', 'šabra[administrator]'}
{d}nin-isin₂?{si}-na;{'GN'}
{d}nin-isin₂{si}-na;{'FN'}
{d}nin-lil₂-ama-mu;{'ragaba[rider]', 'sukkal[secretary]'}
{d}nin-lil₂-e-ma-na!(KI)-ag₂;{'ud[sun]'}
{d}nin-lil₂-le-ma-an-ag₂;{'dumumunus[daughter]'}
{d}nin-lil₂-tum-nu-ri;{'sarig[gift]'}
{d}nin-lil₂-tum-zi-nu-šu;{'en[priest]'}
{d}nin-lil₂-zi-mu;{'zabardab[official]'}
{d}nin-me-en;{'AN'}
{d}nin-pa;{'AN'}
{d}nin-ti₂-ug₅-<ga>;{'GN'}
{d}nin-ti₂-ug₅-ga;{'GN', 'X'}
{d}nin-ti₂-ug₅-ga#;{'X'}
{d}nin-šubur-an-dul₃;{'kuš[official]'}
{d}nisaba-an-dul₃;{'šabra[administrator]'}
{d}nu-ur₂-{d}suen;{'dubsar[scribe]'}
{d}nun-x;{'u'}
{d}suen!-a-bu-šu;{'šagia[cup-bearer]'}
{d}suen-a-bu#-[šu];{'šagia[cup-bearer]'}
{d}suen-a-bu-ni;{'šagia[cup-bearer]'}
{d}suen-a-bu-šu;{'šagia[cup-bearer]'}
{d}suen-a-bu-šu#;{'šagia[cup-bearer]'}
{d}suen-al-še₃?;{'šagia[cup-bearer]'}
{d}suen-ba-ni;{'maššugidgid[diviner]', 'kurušda[fattener]', 'dumu[child]', 'min[two]', 'azlag[fuller]'}
{d}suen-dingir-šu;{'šagia[cup-bearer]'}
{d}suen-ga-da;{'ragaba[rider]'}
{d}suen-il-šu;{'šagia[cup-bearer]'}
{d}suen-illat;{'šarrabdu[administrator]'}
{d}suen-ma-la-ak-šu;{'šagia[cup-bearer]'}
{d}suen-ma-lik;{'X'}
{d}suen-zi-mu;{'šagia[cup-bearer]'}
{d}utu-GIR₂@g-gal;{'u[and]', 'X'}
{d}utu-a₂-dah;{'ragaba[rider]'}
{d}utu-ba-ni;{'nubanda[overseer]', 'ensik[ruler]'}
{d}utu-bar-ra;{'unud[cowherd]', 'kurušda[fattener]', 'lu[person]'}
{d}utu-du₁₀;{'u[and]', 'ragaba[rider]', 'sukkal[secretary]'}
{d}utu-he₂!-du₇;{'FN'}
{d}utu-illat;{'šakkanak[general]'}
{d}utu-me-lam₂;{'unud[cowherd]'}
{d}utu-mu;{'lu[person]'}
{d}utu-mu-da;{'AN'}
{d}x-ki;{'šag[heart]'}
{d}x-{d}]suen;{'lugal[king]'}
{d}x]-{d#}suen;{'AN'}
{d}x]-{d}suen;{'u', 'lugal[king]'}
{d}ša-u₁₈-ša;{'GN', 'PN'}
{d}šara₂-a₂-zi-da;{'unud[cowherd]'}
{d}šara₂-kam;{'dubsar[scribe]', 'dumu[child]', 'ensik[ruler]'}
{d}šara₂-kam-e;{'X'}
{d}ša₃-ge-pa₃-da;{'ki[place]'}
{d}šu-suen;{'šag[heart]'}
{d}šu-{d}suen-ba-ni;{'azu[doctor]'}
{d}šu-{d}suen-dingir;{'šuʾi[barber]'}
{d}šu-{d}suen-ha-ma-ti;{'šuʾi[barber]'}
{d}šu-{d}suen-hi-li-an-na;{'dumu[child]'}
{d}šu-{d}suen-i-pa₂-la-[ah-{d}en-lil₂];{'šagia[cup-bearer]'}
{d}šu-{d}suen-i-pa₂-la-ah-{d}en-lil₂;{'šagia[cup-bearer]'}
{d}šu-{d}suen-i₃#-pa₂#-la-ah#-{d}en-lil₂#;{'šagia[cup-bearer]'}
{d}šu-{d}suen-i₃-[pa₂]-la!-[ah]-{d}en-lil₂;{'šagia[cup-bearer]'}
{d}šu-{d}suen-i₃-li₂;{'šarrabdu[administrator]', 'ragaba[rider]'}
{d}šu-{d}suen-i₃-pa₂-la-ah-{d}en-lil₂;{'šagia[cup-bearer]'}
{d}šu-{d}suen-la-ma-ha-ar;{'šagia[cup-bearer]'}
{d}šu-{d}suen-la-ma-har;{'šagia[cup-bearer]'}
{d}šu-{d}suen-ma-ha-ar;{'šagia[cup-bearer]'}
{d}šu-{d}suen-mi-gir-[eš₁₈]-dar;{'dumu[child]'}
{d}šu-{d}suen-mi-gir-{d}en-lil₂;{'nar[musician]'}
{d}šu-{d}suen-na-ra-am-{d}en-lil₂;{'ragaba[rider]'}
{d}šu-{d}suen-si-sa₂;{'ragaba[rider]'}
{d}šu-{d}suen-si-sa₂-še₃;{'X'}
{d}šu-{d}suen-wu-zu-um-i-šar#-re;{'lu[person]'}
{d}šu-{d}suen-wu-zu-um-i-šar-re;{'lu[person]'}
{d}šul#-gi#-a#-a#-mu#-[ta];{'PN'}
{d}šul#-gi-a-a-mu#;{'PN'}
{d}šul-<gi>-a-a-mu-[ta;{'AN'}
{d}šul-[gi-iri-mu;{'sukkal[secretary]'}
{d}šul-gi-[kalam-ma]-me-te-bi#;{'AN'}
{d}šul-gi-a-a-mu;{'PN'}
{d}šul-gi-a-a-mu#;{'PN'}
{d}šul-gi-a-a-mu-<ta>;{'PN'}
{d}šul-gi-a-tal;{'lu[person]'}
{d}šul-gi-ad-lal₃;{'šagia[cup-bearer]'}
{d}šul-gi-ad-mu;{'ensik[ruler]'}
{d}šul-gi-al-mah;{'dubsar[scribe]'}
{d}šul-gi-an-dul₃;{'nubanda[overseer]'}
{d}šul-gi-ba-ni;{'šagia[cup-bearer]', 'X', 'šabra[administrator]'}
{d}šul-gi-dan;{'u', 'kuš[official]'}
{d}šul-gi-iri#-mu;{'ragaba[rider]'}
{d}šul-gi-iri-mu;{'ŋiri[foot]', 'ragaba[rider]', 'sukkal[secretary]'}
{d}šul-gi-i₃#-[li₂;{'dumu[child]'}
{d}šul-gi-i₃-li₂;{'šarrabdu[administrator]', 'šakkanak[general]', 'lu[person]', 'dubsar[scribe]', 'ugula[overseer]', 'PN', 'šagia[cup-bearer]', 'kurušda[fattener]', 'dumu[child]', 'ragaba[rider]', 'MAR.TU[westerner]', 'nubanda[overseer]', 'muhaldim[cook]'}
{d}šul-gi-li-ba-ni;{'dumu[child]'}
{d}šul-gi-li-ti-iš;{'sukkal[secretary]'}
{d}šul-gi-ma-ti;{'ragaba[rider]'}
{d}šul-gi-mi-šar;{'eme[donkey]', 'nar[musician]'}
{d}šul-gi-na-gir-ti;{'MAR.TU[westerner]'}
{d}šul-gi-nu-ri;{'dumumunus[daughter]', 'nar[musician]'}
{d}šul-gi-pa-li₂-il;{'uddatuš[jester]', 'lu[person]'}
{d}šul-gi-pa₂-li₂-il;{'ragaba[rider]'}
{d}šul-gi-ra;{'u[and]', 'e[house]', 'X', 'gabari[copy]'}
{d}šul-gi-ra-kam;{'dumu[child]'}
{d}šul-gi-ra-ke₄;{'gu[eat]'}
{d}šul-gi-ra-ma;{'dumu[child]'}
{d}šul-gi-re;{'kašdea[banquet]'}
{d}šul-gi-si₂-im-tum-ma-kam;{'PN'}
{d}šul-gi-x;{'lu[person]'}
{d}šul-gi-zi-mu;{'muhaldim[cook]'}
{d}šul-gi-{d}lamma-mu;{'kuš[official]'}
{d}šul-gi-{d}nanše-ki-ag₂;{'šagia[cup-bearer]', 'šarrabdu[administrator]'}
{d}šul-gi-{d}utu-<mu>;{'ragaba[rider]'}
{d}šul-gi-{d}utu-mu;{'ragaba[rider]'}
{d}šul]-gi-i₃-li₂;{'dubsar[scribe]'}
ŠIM;{'sag[rare]', 'n', 'eren[cedar]', 'X', 'du[go]'}
ŠIM#;{'sag[rare]'}
ŠIM?;{'gu[neck]'}
ša#-at#-[{d}šu-{d}]suen#;{'erešdiŋir[priestess]'}
ša#-at#-{d#}[šu-{d}suen];{'erešdiŋir[priestess]'}
ša#-at#-{d#}šu#-{d#}suen#;{'erešdiŋir[priestess]'}
ša#-at#-{d}šu#-{d#}suen#;{'erešdiŋir[priestess]'}
ša-ab-ša-nu;{'nubanda[overseer]'}
ša-al-mah;{'dumu[child]'}
ša-at#-{d#}šu#-{d#}suen#;{'erešdiŋir[priestess]'}
ša-at-[{d}]suen;{'erešdiŋir[priestess]'}
ša-at-bi;{'X'}
ša-at-da-ti;{'munus[woman]'}
ša-at-e₂-a;{'dumu[child]'}
ša-at-ma-mi;{'FN'}
ša-at-{d}suen;{'FN', 'dumumunus[daughter]', 'dam[spouse]', 'nin[sister]', 'munus[woman]'}
ša-at-{d}suen#;{'FN'}
ša-at-{d}šul-gi;{'dam[spouse]'}
ša-ba-nu-uk-ša-ba-aš;{'ensik[ruler]'}
ša-da-zi;{'lu[person]'}
ša-gu-ul-tum;{'TN'}
ša-lim-a-hu-um;{'ziʾa[worker]', 'nubanda[overseer]'}
ša-lim-be-li₂;{'uš[die]', 'nubanda[overseer]', 'rah[beat]'}
ša-lim-nu-ri-šu;{'bar[outside]'}
ša-lu;{'lu[person]'}
ša-ši-ku-na;{'dumu[child]'}
ša-ši-mi;{'dam[spouse]'}
šar#-ru-um-i₃-li₂;{'sukkal[secretary]'}
šar-ru-ba-ni;{'X', 'ensik[ruler]'}
šar-ru-i₃-li₂;{'šabra[administrator]'}
šar-ru-sipa-i₃-li₂;{'sukkal[secretary]'}
šar-ru-um-[i₃]-li₂#;{'šarrabdu[administrator]'}
šar-ru-um-ba-ni;{'šakkanak[general]', 'lu[person]', 'sipad[shepherd]', 'šagia[cup-bearer]', 'UN.IL₂[menial]', 'ensik[ruler]', 'nubanda[overseer]'}
šar-ru-um-i₃-li₂;{'šakkanak[general]', 'lu[person]', 'min[two]', 'šabra[administrator]', 'šagia[cup-bearer]', 'agaʾus[soldier]', 'dikud[judge]', 'dumu[child]', 'ensik[ruler]', 'nar[musician]', 'sukkal[secretary]', 'nubanda[overseer]', 'kuš[official]'}
šar-rum-i₃-li₂;{'šagia[cup-bearer]'}
ša₃#-ta-ku₃-zu#;{'ragaba[rider]'}
ša₃-ad-da;{'malah[sailor]'}
ša₃-da-an;{'nubanda[overseer]'}
ša₃-ga-na-kum;{'sukkal[secretary]'}
ša₃-gul-lum;{'nubanda[overseer]'}
ša₃-gu₄;{'laʾu[arrears]', 'GN', 'u', 'PN', 'u[and]', 'X'}
ša₃-gu₄];{'engar[farmer]'}
ša₃-kal;{'šatuku[mattress]', 'kugbabbar[silver]', 'zabar[bronze]', 'urud[copper]', 'X', 'ri[impose]'}
ša₃-ku₃-ge;{'šagia[cup-bearer]'}
ša₃-ta-ku₃-zu;{'ragaba[rider]', 'sukkal[secretary]'}
ša₃]-ku₃-ge;{'šabra[administrator]'}
še-[el]-ha-ha;{'lu[person]'}
še-da-ak-gu₂-gu₂;{'lu[person]'}
še-da-ku-ku;{'lu[person]'}
še-eb-ba;{'lu[person]'}
še-id?-pa₂-tal;{'lu[person]'}
še-il#-ha-ha;{'lu[person]'}
še-il-ha;{'mu[year]', 'X'}
še-il-ha-ha;{'lu[person]'}
še-ilₓ(KAR₂)?-ha;{'nubanda[overseer]'}
še-le-bu-um;{'nubanda[overseer]', 'kuš[official]'}
šeš!-da-da;{'FN'}
šeš#-[da]-da;{'FN'}
šeš#-da#-da;{'FN'}
šeš#-da#-da#;{'FN'}
šeš#-da-da;{'FN'}
šeš#-kal-la;{'dumu[child]', 'X'}
šeš-[...];{'ŋiri[foot]'}
šeš-[da-da;{'AN'}
šeš-a-na;{'rah[beat]'}
šeš-da-[da;{'FN'}
šeš-da-[da];{'FN'}
šeš-da-da;{'šarrabdu[administrator]', 'FN', 'AN', 'šabra[administrator]', 'sukkal[secretary]'}
šeš-da-da#;{'FN', 'AN'}
šeš-i₃-li₂-iš-ti;{'uddatuš[jester]'}
šeš-kal-la;{'šukud[fisherman]', 'udul[herdsman]', 'lu[person]', 'ŋiri[foot]', 'dubsarmah[official]', 'dubsar[scribe]', 'PN', 'agaʾus[soldier]', 'dumu[child]', 'šakkanak[general]', 'DN', 'guzala[official]', 'kuš[official]'}
šeš-sa₆-ga;{'dumu[child]'}
šeš-sa₆-ga#?;{'X'}
šeš-zi-mu;{'FN', 'šabra[administrator]', 'šuʾi[barber]'}
šeš-šeš;{'enkud[tax-collector]'}
šeš-šeš-mu;{'dikud[judge]'}
šeš]-kal-la;{'sipad[shepherd]'}
ši-ba-ra-aq;{'lu[person]'}
ši-bu-ur₂-ti;{'lu[person]'}
ši-dam-qa₂-at;{'X'}
ši-ha-lum;{'nubanda[overseer]'}
ši-il-ni-gi;{'lu[person]'}
ši-la-ti-ir;{'lu[person]'}
ši-me-a-ni;{'erešdiŋir[priestess]'}
ši-nu-nu-tum;{'dumumunus[daughter]'}
ši-ri-ši-[ih?];{'lu[person]'}
ši-šar-ra-at;{'nar[musician]'}
šir?-ra;{'KA[cvve]'}
šu!-ab-ba;{'engar[farmer]'}
šu#-dur-ul₃;{'sukkal[secretary]'}
šu#-er₃-ra;{'dubsar[scribe]'}
šu#-eš₁₈-dar;{'FN'}
šu#-e₂-a;{'kuš[official]'}
šu#-i₃-li₂;{'arad[slave]'}
šu#-la-num₂;{'FN'}
šu#?-[...];{'u'}
šu#?-[{d}nin?]-šubur;{'gala[singer]'}
šu-KID?-a;{'dumu[child]'}
šu-a-ba;{'sukkal[secretary]'}
šu-ab-ba;{'u', 'sukkal[secretary]'}
šu-ba-bi;{'PN'}
šu-da-da;{'AN', 'dumu[child]', 'kišib[seal]', 'šabra[administrator]', 'sukkal[secretary]'}
šu-dur-ul₃;{'nubanda[overseer]'}
šu-er₃-ra;{'dubsar[scribe]', 'gudgaz[butcher]', 'lu[person]', 'PN', 'kuš[official]'}
šu-eš₁₈-dar;{'šarrabdu[administrator]', 'lu[person]', 'šeš[brother]', 'dubsar[scribe]', 'damgar[merchant]', 'u[and]', 'uddatuš[jester]', 'FN', 'kurušda[fattener]', 'ragaba[rider]', 'dumu[child]', 'sukkal[secretary]', 'šagia[cup-bearer]', 'nubanda[overseer]'}
šu-eš₁₈-dar?;{'dubsar[scribe]'}
šu-eš₁₈?-dar?;{'AN', 'lu[person]', 'dubsar[scribe]', 'ugula[overseer]', 'sipad[shepherd]', 'idu[doorkeeper]', 'uddatuš[jester]', 'dumu[child]'}
šu-e₂#-a#;{'sukkal[secretary]'}
šu-e₂-a;{'lu[person]', 'šabra[administrator]', 'PN', 'sipad[shepherd]', 'dumu[child]', 'sukkal[secretary]', 'šag[heart]', 'kuš[official]'}
šu-ga-tum;{'nubanda[overseer]', 'šabra[administrator]'}
šu-hal-un-du;{'dumu[child]'}
šu-ir-ha-an;{'nubanda[overseer]'}
šu-i₃-li₂;{'nagada[herdsman]', 'lu[person]', 'min[two]', 'PN', 'sipad[shepherd]', 'arad[slave]', 'ud[sun]', 'kišib[seal]', 'n', 'sukkal[secretary]', 'nubanda[overseer]', 'kuš[official]'}
šu-kab-ta₂;{'atu[doorkeeper?]'}
šu-kal;{'us[side]'}
šu-ku-bu-um;{'dubsar[scribe]', 'damgar[merchant]', 'dumu[child]', 'sukkal[secretary]', 'nubanda[overseer]', 'muhaldim[cook]', 'kuš[official]'}
šu-ku-uk;{'šeš[brother]'}
šu-ku₈-bu-um;{'lu[person]', 'šeš[brother]', 'kuš[official]'}
šu-la-num₂;{'sipad[shepherd]'}
šu-lu₂-um?;{'AN'}
šu-ma-ma;{'nagada[herdsman]', 'gardu[soldier]', 'AN', 'zabardab[official]', 'lu[person]', 'šuʾi[barber]', 'PN', 'šagia[cup-bearer]', 'uddatuš[jester]', 'tum[bring]', 'u[and]', 'dumu[child]', 'ensik[ruler]'}
šu-ma-ma#;{'lu[person]'}
šu-ma-mi-tum;{'dubsar[scribe]'}
šu-na-bar;{'dubsar[scribe]', 'dumu[child]'}
šu-na-mu-gi₄;{'ŋal[be]', 'šabra[administrator]'}
šu-ni-an-nam;{'nagada[herdsman]'}
šu-ni-ki-ib;{'lu[person]'}
šu-ru-uš-ak;{'šabra[administrator]'}
šu-ru-uš-ki-in;{'šakkanak[general]', 'dumu[child]', 'nubanda[overseer]'}
šu-ti-ru-um;{'ensik[ruler]'}
šu-ur-šu;{'muhaldim[cook]'}
šu-zu;{'ŋar[place]', 'agaʾus[soldier]', 'X', 'kuš[official]'}
šu-{d#}[nin-šubur;{'ragaba[rider]'}
šu-{d}[...];{'arad[slave]'}
šu-{d}da-gan;{'lu[person]'}
šu-{d}dam-ki-na;{'nubanda[overseer]'}
šu-{d}dumu-zi;{'nubanda[overseer]', 'guzala[official]'}
šu-{d}en-lil₂;{'dubsar[scribe]', 'FN', 'dumu[child]', 'agaʾus[soldier]'}
šu-{d}en-lil₂#;{'AN'}
šu-{d}en-lil₂-la₂;{'dubsar[scribe]', 'dumu[child]', 'u'}
šu-{d}eš₁₈-dar;{'u[and]'}
šu-{d}iš-ha-[ra];{'lu[person]'}
šu-{d}iš-ha-ra;{'engar[farmer]', 'lu[person]'}
šu-{d}iš:ha-ra;{'lu[person]'}
šu-{d}iškur;{'PN', 'kuš[official]', 'dumu[child]', 'GN', 'sipad[shepherd]'}
šu-{d}ištaran;{'nubanda[overseer]'}
šu-{d}ma-mi-tum;{'idu[doorkeeper]'}
šu-{d}nin-šubur;{'min[two]', 'sipad[shepherd]', 'dumu[child]', 'ragaba[rider]', 'sukkal[secretary]', 'nubanda[overseer]', 'ummia[expert]'}
šu-{d}nin-šubur#;{'dubsar[scribe]'}
šu-{d}nisaba;{'damgar[merchant]', 'ummia[expert]'}
šu-{d}suen;{'lu[person]', 'šagia[cup-bearer]', 'FN', 'dikud[judge]', 'dumu[child]', 'nubanda[overseer]'}
šu-{d}suen#;{'AN'}
šu-{d}utu;{'kurušda[fattener]', 'nukirik[gardener]', 'nubanda[overseer]'}
šu-{d}šul-[gi];{'nubanda[overseer]', 'šuʾi[barber]'}
šu-{d}šul-gi;{'u', 'FN', 'nubanda[overseer]', 'sukkal[secretary]', 'šuʾi[barber]'}
šu]-ma-ma;{'PN'}
šul-ga₂-a-ad;{'lu[person]'}
šul-ga₂-a-ad#;{'lu[person]'}
šul-gi-ra#;{'šum[give]'}
