,name,role,profession,p_index
1,ur-{d}dumu-zi-da-ta,source,NA,100129
2,a-kal-la,reciever,NA,100129
3,lu₂-sa₆-i₃-zu-ta,source,NA,100398
4,lugal-e-ba-an-sa₆,reciever,NA,100398
5,uš-mu-ta,source,NA,100414
6,a-kal-la,reciever,NA,100414
7,lu₂-{d}nin-šubur-ta,source,NA,100437
8,lugal-ezem,reciever,NA,100437
9,ukken-ne₂-ta,source,NA,100441
10,lugal-ezem,reciever,NA,100441
11,ur-{d}šara₂-ta,source,NA,100451
12,ur-zu,reciever,NA,100451
13,ur-sila-luh-ta,source,NA,100489
14,a-du-mu,reciever,NA,100489
15,lu₂-banda₃{da}-ta,source,NA,100639
16,lugal-iti-da,reciever,NA,100639
17,{d}šara₂-ki-ag₂-ta,source,NA,100682
18,ba-sa₆,reciever,NA,100682
19,ur-ru-ta,source,NA,100698
20,a-kal-la,reciever,NA,100698
21,ur-ru-ta,source,NA,100701
22,a-kal-la,reciever,NA,100701
23,ur-ru-ta,source,NA,100702
24,a-kal-la,reciever,NA,100702
25,ur-{d}ištaran-ta,source,NA,100703
26,a-kal-la,reciever,NA,100703
27,lugal-{geš#}kiri₆-ta,source,NA,100806
28,lugal-ezem,reciever,NA,100806
29,ur-{d}igi-zi-bar-ra-ta,source,NA,100864
30,ur-{d}ba-ba₆,reciever,NA,100864
31,ur#-{d}nin-mar{ki}-ta,source,NA,100956
32,ur-ab-ba,reciever,NA,100956
33,ur-nigar{gar},reciever,NA,100978
34,na-sa₆#-ta,source,NA,100978
35,lugal-gu₄-e-ta,source,NA,101082
36,ukken-ne₂,reciever,NA,101082
37,a-gu-ta,source,NA,101146
38,tab-ša-la,reciever,NA,101146
39,gu-du-du-ta,source,NA,101228
40,{d}šara₂-kam,reciever,NA,101228
41,ab-ba-sa₆-ga-ta,source,NA,101425
42,ur₂-ra#-dingir,reciever,NA,101425
43,lugal-iti-da-ta,source,NA,101427
44,ur-mes,reciever,NA,101427
45,ARAD₂-ta,source,NA,101469
46,lu₂-{d}nin-šubur,reciever,NA,101469
47,ku₃-ga-ni#-ta,source,NA,101891
48,a-kal-la,reciever,NA,101891
49,lu₂-du₁₀-ga-ta,source,NA,101976
50,ur-{d}ba-ba₆,reciever,NA,101976
51,lu₂-{d}na-ru₂-a-ta,source,NA,101999
52,ba-zi,reciever,NA,101999
53,na-ba-sa₆-ta,source,NA,102001
54,ur-{d}suen,reciever,NA,102001
55,lugal-lu₂-sa₆-sa₆-ta,source,NA,102025
56,ur-nig₂,reciever,NA,102025
57,ur-{d}nun-gal-ta,source,NA,102056
58,sukkal-di-de₃,reciever,NA,102056
59,lu₂-gi-na,reciever,NA,102081
60,ba-zi-ta,source,NA,102081
61,ba-zi-ta,source,NA,102083
62,lugal-mas-su,reciever,NA,102083
63,lu₂-dingir-ra-ta,source,NA,102120
64,ur-uš-gid₂-da,reciever,NA,102120
65,lu₂-dingir-ra-ta,source,NA,102188
66,ur-nigar{gar},reciever,NA,102188
67,{d}šul-gi-a-a-mu-ta,source,NA,102374
68,{d}šul-gi-iri-mu,reciever,NA,102374
69,ur-{d}nin-tu-ta,source,NA,102593
70,i₃-kal-la,reciever,NA,102593
71,ab-ba-sa₆-ga-ta,source,NA,102705
72,ur-nigar{gar},reciever,NA,102705
73,da-a-ga,reciever,NA,102732
74,ku₃-ga-ni-ta,source,NA,102732
75,ur-ru-ta,source,NA,102782
76,a-kal-la,reciever,NA,102782
77,a-hu-ni-ta,source,NA,102819
78,ur-nigar{gar},reciever,NA,102819
79,lu₂-du₁₀-ga-ta,source,NA,103046
80,a-kal-la,reciever,NA,103046
81,ur-ku₃-nun-na-ta,source,NA,103284
82,ab-ba-sa₆-ga,reciever,NA,103284
83,ab-ba-gi-na-ta,source,NA,103343
84,ur-{d}šul-pa-e₃-ke₄,reciever,NA,103343
85,lu₂-{d}šara₂-ta,source,NA,103938
86,im-ti-dam,reciever,NA,103938
87,ur-{d}ig-alim-ta,source,NA,104130
88,ur-{d}nin-geš-zi-da,reciever,NA,104130
89,{d}nisaba-an-dul₃-ta,source,NA,104148
90,ur-mes,reciever,NA,104148
91,lu₂-{d}šara₂-ta,source,NA,104464
92,lu₂-{d}šara₂-ke₄,reciever,NA,104464
93,i₃-kal-la-ta,source,NA,104479
94,ur-{geš}gigir,reciever,NA,104479
95,ša₃-da-ta,source,NA,104480
96,ur-{geš}gigir,reciever,NA,104480
97,ur₄-ša₃-ki-du₁₀-ta,source,NA,104584
98,ma-aš₂,reciever,NA,104584
99,ur-e₁₁-e-ta,source,NA,104716
100,u₃-ma-ni,reciever,NA,104716
101,ur-{geš}gigir,source,NA,104727
102,da-da-ga,reciever,NA,104727
103,na-ra-am-i₃-li₂-ta,source,NA,104781
104,be-li₂-i₃-li₂,reciever,NA,104781
105,gur₈-za-an-ta,source,NA,104824
106,lu₂-du₁₀-ga,reciever,NA,104824
107,ba-zi-ta,source,NA,104896
108,ma-ni,reciever,NA,104896
109,ur-{d}ba-ba₆-ta,source,NA,104954
110,lu₂-ba-a,reciever,NA,104954
111,ur-{d}ba-ba₆,source,NA,104974
112,ba-a,reciever,NA,104974
113,lugal-ušur₃-ta,source,NA,105095
114,al-la,reciever,NA,105095
115,lu₂-i₃-zu-ta,source,NA,105242
116,šeš-kal-la,reciever,NA,105242
117,ur-{d}šara₂-ta,source,NA,105313
118,da-da-ga,reciever,NA,105313
119,e₂-gal-e-si-ta,source,NA,105317
120,gu-du-du,reciever,NA,105317
121,ur-mes,reciever,NA,105337
122,a-gu-ta,source,NA,105337
123,a-ab-ba-ta,source,NA,105419
124,lu₂-{d}er₃-ra,reciever,NA,105419
125,lu₂#?-nam-tar-re-ta,source,NA,105594
126,ur-x-x,reciever,NA,105594
127,lugal-im-ru-a-ta,source,NA,105757
128,ur-{d}nin-geš-zi-da,reciever,NA,105757
129,{d}šara₂-kam-ta,source,NA,106130
130,za-ni-a,reciever,NA,106130
131,na-ra-am-i₃-li₂-ta,source,NA,106214
132,{d}utu-GIR₂@g-gal,reciever,NA,106214
133,lu₂#?-{d}inanna-ta,source,NA,106301
134,er₃-ra-ba-ni,reciever,NA,106301
135,a-hu-ni-ta,source,NA,106328
136,ur-nigar{gar},reciever,NA,106328
137,tu-ra-am-i₃-li₂-ta,source,NA,106400
138,NE-NE,reciever,NA,106400
139,ša₃-ku₃-ge-ta,source,NA,106451
140,i₃-kal-la,reciever,NA,106451
141,šeš-kal-la-ta,source,NA,106521
142,ur-{d}šara₂,reciever,NA,106521
143,ur-{d}šara₂-ta,source,NA,106556
144,a-kal-la,reciever,NA,106556
145,da-da-ga-ta,source,NA,106602
146,la-ni-mu,reciever,NA,106602
147,ur-{d}šara₂-ta,source,NA,106606
148,i₃-kal-la,reciever,NA,106606
149,da-da-ta,source,NA,106613
150,la-ni-mu,reciever,NA,106613
151,da-da-ta,source,NA,106614
152,la-ni-mu,reciever,NA,106614
153,u₃-ma-ni-ta,source,NA,106765
154,da-da-ga,reciever,NA,106765
155,lugal-inim-gi-na-ta,source,NA,106838
156,ur-{d}šara₂,reciever,NA,106838
157,ba-zi-ta,source,NA,107113
158,lugal-pa-e₃,reciever,NA,107113
159,ur-{d}li₉-si₄-ta,source,NA,107435
160,lugal-{geš}kiri₆,reciever,NA,107435
161,ARAD₂-ta,source,NA,107437
162,lugal-ezem,reciever,NA,107437
163,ARAD₂-ta,source,NA,107440
164,ur-nigar{gar},reciever,NA,107440
165,ARAD₂-ta,source,NA,107447
166,lu₂-giri₁₇-zal,reciever,NA,107447
167,ARAD₂-ta,source,NA,107448
168,šeš-kal-la,reciever,NA,107448
169,ARAD₂-ta,source,NA,107476
170,ur-mes,reciever,NA,107476
171,ARAD₂-ta,source,NA,107517
172,lu₂-i₃-zu,reciever,NA,107517
173,lu₂-dingir-ra-ta,source,NA,107609
174,ur-nigar{gar},reciever,NA,107609
175,lu₂-dingir-ra-ta,source,NA,107700
176,ur-nigar{gar},reciever,NA,107700
177,lu₂-dingir-ra-ta,source,NA,107712
178,ur-nigar{gar},reciever,NA,107712
179,{d}šul-gi-a-a-mu-ta,source,NA,107765
180,ur-nigar{gar},reciever,NA,107765
181,ur-x-x?-ta,source,NA,107898
182,šeš-[...]-NI#,reciever,NA,107898
183,ad-da-ta,source,NA,108166
184,igi-gun₃,reciever,NA,108166
185,šeš-kal-la,reciever,NA,108238
186,ur-{d}lamma-ta,source,NA,108238
187,inim-{d}šara₂-ta,source,NA,108381
188,lugal-u₂-šim-e-ke₄,reciever,NA,108381
189,na-ba-sa₆-ta,source,NA,108814
190,ur-šu-ga-lam-ma,reciever,NA,108814
191,ur-{d}nin-tu-ta,source,NA,109183
192,i₃-kal-la,reciever,NA,109183
193,a-hu-ni-ta,source,NA,109563
194,ur-nigar{gar},reciever,NA,109563
195,a-hu-ni-ta,source,NA,109568
196,ur-nigar{gar},reciever,NA,109568
197,ur-tur-ta,source,NA,109894
198,ur-e₂-an-na,reciever,NA,109894
199,ba-zi-ta,source,NA,110019
200,ma-ni,reciever,NA,110019
201,ba-zi-ta,source,NA,110268
202,ur-{d}nanše,reciever,NA,110268
203,lu₂-kal-la-ta,source,NA,110460
204,ur-{d}šul-pa-e₃,reciever,NA,110460
205,na-ra-am-i₃-li₂-ta,source,NA,110468
206,{d}nin-lil₂-ama-mu,reciever,NA,110468
207,lu₂-kal-la-ta,source,NA,110571
208,ur-nig₂,reciever,NA,110571
209,ur-{d}en-lil₂-la₂-ta,source,NA,110644
210,gu₃-de₂-a,reciever,NA,110644
211,ur-nigar{gar}-ta,source,NA,110664
212,ur-nig₂,reciever,NA,110664
213,lu₂-kal-la-ta,source,NA,110714
214,lu₂-uš-gi-na,reciever,NA,110714
215,ur-nigar{gar}-ta,source,NA,110731
216,ur-mes,reciever,NA,110731
217,gu₃-de₂-a-ta,source,NA,110751
218,ur-e₂-ninnu,reciever,NA,110751
219,ur-{d}nin-geš-zi-da-ta,source,NA,110821
220,lugal-im-ru-a,reciever,NA,110821
221,lugal-me-lam₂-ta,source,NA,110918
222,a-gu-a,reciever,NA,110918
223,ur-šu-ga-lam-ma-ta,source,NA,111287
224,na-ba-sa₆,reciever,NA,111287
225,lu₂-me-lam₂-ta,source,NA,111555
226,al-la-mu,reciever,NA,111555
227,ur-{d}nin-gir₂-su-ta,source,NA,111677
228,ur-{d}nin-gir₂-su,reciever,NA,111677
229,lu₂-dingir-ra-ta,source,NA,111975
230,ur-nigar{gar},reciever,NA,111975
231,lugal-ezem-ta,source,NA,111993
232,u₃-ma-ni,reciever,NA,111993
233,a-lu₅-lu₅-ta,source,NA,112032
234,ku₃-ga-ni,reciever,NA,112032
235,ur-sa₆-ga-ta,source,NA,112043
236,la-a-mu,reciever,NA,112043
237,ARAD₂-ta,source,NA,112075
238,da-a-gi₄,reciever,NA,112075
239,lu₂-{d}nin-šubur,reciever,NA,112078
240,ku₃-ga-ni-ta,source,NA,112078
241,na-lu₅-ta,source,NA,112095
242,šu-ku-bu-um,reciever,NA,112095
243,na-we-er-dingir-ta,source,NA,112098
244,ba#-ba-ti,reciever,NA,112098
245,tu-ra-am-i₃-li₂-ta,source,NA,112189
246,a-la-tum,reciever,NA,112189
247,a-hu-ni-ta,source,NA,112233
248,ur-nigar{gar},reciever,NA,112233
249,zu₂-ga-li-ta,source,NA,112254
250,ur-nigar{gar},reciever,NA,112254
251,ur-{d}šul-pa-e₃-ta,source,NA,112495
252,lu₂-{d}inanna,reciever,NA,112495
253,ad-da-ta,source,NA,112553
254,lugal-inim-gi-na,reciever,NA,112553
255,ur-{d}dumu-zi-da-ta,source,NA,112623
256,ur-{d}šul-pa-e₃,reciever,NA,112623
257,{d}utu-GIR₂@g-gal,reciever,NA,112659
258,ur-{d}šul-pa-e₃-ta,source,NA,112659
259,lugal-nig₂-lagar-e-ta,source,NA,112821
260,da-a-ga,reciever,NA,112821
261,i₃-kal-la-ta,source,NA,112896
262,{d}utu-GIR₂@g-gal,reciever,NA,112896
263,lu₂-kal-la-ta,source,NA,112900
264,nin₉-hi-li₂-a,reciever,NA,112900
265,lugal-im-ru-a-ta,source,NA,112980
266,ur-{d}nin-geš-zi-da,reciever,NA,112980
267,lugal-im-ru-a-ta,source,NA,112984
268,ur-{d}nin-geš-zi-da,reciever,NA,112984
269,ur-{d}nin-geš-zi-da-ta,source,NA,112986
270,lugal-im-ru-a,reciever,NA,112986
271,ur-kun-ta,source,NA,112994
272,lu₂-bi-mu?,reciever,NA,112994
273,a-tu-ta,source,NA,113132
274,gu₃-de₂-a,reciever,NA,113132
275,ba-zi-ta,source,NA,113317
276,ur-{d}en-lil₂,reciever,NA,113317
277,ur-e₂-gal-ta,source,NA,113327
278,[ur-ab-ba],reciever,NA,113327
279,lu₂-dingir-ra-ta,source,NA,113353
280,lugal-ezem,reciever,NA,113353
281,lugal-[du₆]-ku₃-ta,source,NA,113425
282,nig₂-sa₆-ga,reciever,NA,113425
283,lu₂-giri₁₇-zal-ta,source,NA,113437
284,ur#-mes,reciever,NA,113437
285,ur-{d}nin-geš-zi-da-ta,source,NA,113561
286,ur-nig₂,reciever,NA,113561
287,ur-{d}li₉-si₄-ta,source,NA,113680
288,la-a-mu,reciever,NA,113680
289,ARAD₂-ta,source,NA,113695
290,ur-dingir-ra,reciever,NA,113695
291,ARAD₂-ta,source,NA,113708
292,ur-mes,reciever,NA,113708
293,ur-{d}ma-mi-ta,source,NA,113767
294,a-kal-la,reciever,NA,113767
295,{d}šara₂-kam-ta,source,NA,113794
296,ba-ba-ti,reciever,NA,113794
297,lugal-e₂-mah-e-ta,source,NA,113982
298,ur#-balag,reciever,NA,113982
299,lu₂-{d}en-lil₂-la₂-ta,source,NA,114006
300,lu₂-du₁₀-ga,reciever,NA,114006
301,da-da-a-ta,source,NA,114009
302,lu₂-{d}nin-šubur,reciever,NA,114009
303,pa₃-da,source,NA,114084
304,lugal-ezem,reciever,NA,114084
305,šeš-kal-<la>-ta,source,NA,114310
306,lugal-ezem,reciever,NA,114310
307,ba-zi-ta,source,NA,114370
308,ur-{d}nanše,reciever,NA,114370
309,lugal-a₂-zi-da-ta,source,NA,114381
310,ur-nig₂,reciever,NA,114381
311,lu₂-giri₁₇-zal!-ta,source,NA,114391
312,šer₇-da-du₃,reciever,NA,114391
313,lu₂-{d}inanna-ta,source,NA,114409
314,ku₅-da,reciever,NA,114409
315,lu₂-sa₆-sa₆-ta,source,NA,114523
316,gu₂-u₃-gu,reciever,NA,114523
317,a-hu-a-ta,source,NA,114611
318,ur-{d}ba-ba₆,reciever,NA,114611
319,ad-da-mu-ta,source,NA,114632
320,ur-{d}lamma,reciever,NA,114632
321,nin-a-na-ta,source,NA,114642
322,ba-a,reciever,NA,114642
323,ad-da-mu-ta,source,NA,114648
324,lu₂-gi-na,reciever,NA,114648
325,ab-ba-kal-la-ta,source,NA,114678
326,lu₂-{d}en-lil₂-la₂,reciever,NA,114678
327,ad-da-mu-ta,source,NA,114842
328,lugal-iri-da,reciever,NA,114842
329,ur-šu-ga-lam-ma-ta,source,NA,114879
330,lu₂-{d}nin-šubur,reciever,NA,114879
331,lu₂-{d}nin-tu-ta,source,NA,115010
332,ur-ki-siki-ka,reciever,NA,115010
333,ad-da-mu-ta,source,NA,115129
334,ur-mes,reciever,NA,115129
335,ur-{d}lamma-ta,source,NA,115158
336,ur-{d}dam-gal-[nun],reciever,NA,115158
337,ad-da-mu-ta,source,NA,115350
338,gu₃-de₂-a,reciever,NA,115350
339,SI-A-a-ta,source,NA,115556
340,dingir-ba-ni,reciever,NA,115556
341,ur-{d}šuš₃-{d}ba-ba₆-ta,source,NA,115655
342,ba-sa₆-ga,reciever,NA,115655
343,eš₃-am₃-ta,source,NA,115661
344,lu₂-{d}nin-šubur,reciever,NA,115661
345,[ur-{d}ig-alim,reciever,NA,115704
346,ur-e₂-gal-ta,source,NA,115704
347,ur-{d}nanše-ta,source,NA,115764
348,lu₂-{d}nin-šubur,reciever,NA,115764
349,ur-{d}nin-geš#-zi-da-ta,source,NA,115800
350,ur-gu₂-en-na,reciever,NA,115800
351,sag-ku₅-ta,source,NA,115818
352,lu₂-{d}nin-šubur,reciever,NA,115818
353,lugal-iti-da-ta,source,NA,115821
354,a-kal-la,reciever,NA,115821
355,ur-{d}nin-tu-ta,source,NA,115824
356,i₃-kal-la,reciever,NA,115824
357,šeš-da-da-ta,source,NA,115923
358,ma-ba-e,reciever,NA,115923
359,lu₂-banda₃{da}-ta,source,NA,115967
360,šeš-kal-la,reciever,NA,115967
361,ba-zi-ge-ta,source,NA,116003
362,lu₂-gi-na,reciever,NA,116003
363,ur-{d}nanše-ta,source,NA,116036
364,lu₂-ma₂,reciever,NA,116036
365,lu₂-kisal,source,NA,116053
366,ku₅-da,reciever,NA,116053
367,ur-{d}nin-geš-zi-da-ta,source,NA,116258
368,ur-{d}[šul-pa]-e₃,reciever,NA,116258
369,ba-zi-ta,source,NA,116325
370,ur-mes,reciever,NA,116325
371,na-ba-sa₆-ta,source,NA,116355
372,ur-mes,reciever,NA,116355
373,na-silim-ta,source,NA,116441
374,ur-nig₂,reciever,NA,116441
375,i₃-kal-la-ta,source,NA,116448
376,ur-{d}nanše,reciever,NA,116448
377,ur-{d}lamma,source,NA,116470
378,ur-{d}en-lil₂-la₂-ke₄,reciever,NA,116470
379,lu₂-{d}ba-ba₆,reciever,NA,116502
380,ur-{d}ba-ba₆-ta,source,NA,116502
381,lu₂-{d}nin-gir₂-su-ta,source,NA,116547
382,ur-{d}ga₂-tum₃-du₁₀,reciever,NA,116547
383,ur-{d}hendur-sag-ta,source,NA,116557
384,ur-nigar{gar},reciever,NA,116557
385,gu₃-de₂-a-ta,source,NA,116586
386,ma-ni,reciever,NA,116586
387,lu₂-{d}nin-gir₂#-su-ta,source,NA,116597
388,ur-e₂-ninnu,reciever,NA,116597
389,ur-{d}nu-muš-da-ta,source,NA,116612
390,lu₂-gi-na,reciever,NA,116612
391,šeš-kal-la-ta,source,NA,116633
392,a-ab-ba,reciever,NA,116633
393,lu₂-{d}nin-šubur,source,NA,116646
394,lu₂-uru₁₁?!,reciever,NA,116646
395,lu₂-{d}na-ru₂-a-ta,source,NA,116661
396,lu₂-{d}ba-ba₆,reciever,NA,116661
397,lu₂-{d}nin-gir₂-su-ta,source,NA,116662
398,lu₂-{d}geš-bar-e₃,reciever,NA,116662
399,am₃-ma-ta,source,NA,116674
400,ša₃-da,reciever,NA,116674
401,ur-ba-gara₂-ta,source,NA,116684
402,ur-{d}ig-alim,reciever,NA,116684
403,ur-sa₆-ga-ta,source,NA,116696
404,lu₂-e₂-a,reciever,NA,116696
405,ba-zi-ta,source,NA,116705
406,ur-nigar{gar},reciever,NA,116705
407,ur-{d}nanše-ta,source,NA,116716
408,ur-{d}dumu-zi,reciever,NA,116716
409,da-da-ga-ta,source,NA,116774
410,a-kal-la,reciever,NA,116774
411,na-lu₅#-ta,source,NA,116820
412,ku₃-ga-ni,reciever,NA,116820
413,lu₂-dingir-ra-ta,source,NA,116829
414,ur-nigar{gar},reciever,NA,116829
415,lu₂-dingir-ra-ta,source,NA,116832
416,ur-nigar{gar},reciever,NA,116832
417,lu₂-dingir-ra-ta,source,NA,116841
418,ur-nigar{gar},reciever,NA,116841
419,ARAD₂-ta,source,NA,116954
420,{d}šara₂-kam,reciever,NA,116954
421,ARAD₂-ta,source,NA,117441
422,ur-dingir-ra,reciever,NA,117441
423,ur-{d}ba-ba₆-ta,source,NA,117447
424,lu₂-{d}nanna,reciever,NA,117447
425,inim-{d}šara₂,source,NA,117490
426,a-kal-la,reciever,NA,117490
427,ze₂-eb-ra-am-ta,source,NA,117513
428,nin-u₃-kul-ki-ag₂,reciever,NA,117513
429,ur-šu-ga-lam-ma-ta,source,NA,117574
430,na-ba-sa₆,reciever,NA,117574
431,{d}nanna-i₃-gi-ta,source,NA,117652
432,ba-a-mu#,reciever,NA,117652
433,e₂-gal-e-si-ta,source,NA,117694
434,lugal-ezem,reciever,NA,117694
435,na-u₂-a-ta,source,NA,117707
436,a-kal-la,reciever,NA,117707
437,ur-sila-luh-ta,source,NA,117725
438,a-du,reciever,NA,117725
439,ur-ru-ta,source,NA,117743
440,a-du,reciever,NA,117743
441,lu₂-igi-sa₆-sa₆-ta,source,NA,117749
442,ur-{geš}gigir,reciever,NA,117749
443,ARAD₂-ta,source,NA,117758
444,a-kal-la,reciever,NA,117758
445,ur-ru-ta,source,NA,117763
446,a-kal-la,reciever,NA,117763
447,lu₂-kal-la-ta,source,NA,117770
448,a-kal-la,reciever,NA,117770
449,ur-ru-ta,source,NA,117806
450,a-kal-la,reciever,NA,117806
451,lugal-a₂-zi-da-ta,source,NA,117830
452,a-kal-la,reciever,NA,117830
453,ur-{d}suen-ta,source,NA,117836
454,ur-{d}iškur,reciever,NA,117836
455,ARAD₂-ta,source,NA,117842
456,lu₂-sa₆-i₃-zu,reciever,NA,117842
457,i₃-kal-la-ta,source,NA,117905
458,{d}šul-gi-iri-mu,reciever,NA,117905
459,a-du,source,NA,117917
460,i₃-kal-la,reciever,NA,117917
461,a-du-ta,source,NA,118275
462,i₃-kal-la,reciever,NA,118275
463,ur-{d}šul-pa-e₃-ta,source,NA,118294
464,gur₄?-za-an,reciever,NA,118294
465,{d}šara₂-kam-ta,source,NA,118313
466,za-ni-a,reciever,NA,118313
467,ma-an-ba,source,NA,118358
468,ha-lu₅-lu₅,reciever,NA,118358
469,ARAD₂-ta,source,NA,118370
470,ur-{geš}gigir,reciever,NA,118370
471,ša₃-ku₃-ge-ta,source,NA,118502
472,ur-e₁₁-e,reciever,NA,118502
473,ur-{d}šul-pa-e₃-ta,source,NA,118712
474,lugal-ku₃-zu,reciever,NA,118712
475,ša₃-ku₃-ge-ta,source,NA,118715
476,i₃-kal-la,reciever,NA,118715
477,ur-{d}nin-tu-ta,source,NA,118727
478,i₃-kal-la,reciever,NA,118727
479,ur-{d}nin-tu-ta,source,NA,118803
480,i₃-kal-la,reciever,NA,118803
481,ur-mes-ta,source,NA,118817
482,er₃-re-eb,reciever,NA,118817
483,lugal-nig₂-lagar-e-ta,source,NA,118910
484,ukken-ne₂,reciever,NA,118910
485,ur-{d}nin-tu-ta,source,NA,118967
486,i₃-kal-la,reciever,NA,118967
487,e₂-lu₂-bi-su₂-ta,source,NA,118970
488,gu-du-du,reciever,NA,118970
489,ur-{d}nin-tu-ta,source,NA,119000
490,i₃-kal-la,reciever,NA,119000
491,ur-geš-ta,source,NA,119211
492,uš-mu,reciever,NA,119211
493,in-sa₆-sa₆-ta,source,NA,119347
494,di-ni-li₂,reciever,NA,119347
495,er₃-e-eb-ta,source,NA,119370
496,ukken-ne₂,reciever,NA,119370
497,ba-za-ta,source,NA,119521
498,a-du-du,reciever,NA,119521
499,šeš-kal-la-ta,source,NA,119670
500,ur-{d}lamma,reciever,NA,119670
501,šeš-kal-la-ta,source,NA,119778
502,ur-sila-luh,reciever,NA,119778
503,ukken-ne₂-ta,source,NA,120410
504,a-kal-la,reciever,NA,120410
505,ur-{d}]li₉#-si₄-ta,source,NA,120516
506,[u₃-ma-ni],reciever,NA,120516
507,ARAD₂-ta,source,NA,120532
508,ur-nigar{gar},reciever,NA,120532
509,ur-{d}suen-ta,source,NA,120538
510,nin-mu-<ma>-ag₂-e,reciever,NA,120538
511,gu-du-du-ta,source,NA,120552
512,al-lu,reciever,NA,120552
513,ur-nigar{gar},source,NA,120680
514,da-da-ga,reciever,NA,120680
515,lugal-inim-gi-na-ta,source,NA,120787
516,ur-nigar-mu,reciever,NA,120787
517,a₂-zi-da-ta,source,NA,120964
518,šu-aš₂-li,reciever,NA,120964
519,nigar{gar}-ki-<du₁₀>-ta,source,NA,121067
520,me-sur-ra,reciever,NA,121067
521,ur-{d}nusku-ta,source,NA,121315
522,ad-da-kal-la,reciever,NA,121315
523,er₃-re-eb-ta,source,NA,121532
524,kur-ša-num₂,reciever,NA,121532
525,{d}lamma-igi-du-ta,source,NA,121544
526,lu₂-sukud-ra₂,reciever,NA,121544
527,ri-ib?-um-ta,source,NA,121595
528,a-gu-a,reciever,NA,121595
529,lugal-a-ni-sa₆-ta,source,NA,121713
530,i₃-kal-la,reciever,NA,121713
531,ur-e₁₁-e-ta,source,NA,121756
532,a-kal-la,reciever,NA,121756
533,ha-da-da,reciever,NA,121859
534,ur-{d}sag-ku₅-ta,source,NA,121859
535,inim-{d}šara₂-ta,source,NA,121868
536,lu₂-du₁₀-ga,reciever,NA,121868
537,šeš-kal-la-ta,source,NA,121910
538,ku₃-ga-ni,reciever,NA,121910
539,a-kal-la,reciever,NA,122015
540,lu₂-dingir-ra-ta,source,NA,122015
541,ur-{d}nin-tu-ta,source,NA,122077
542,i₃-kal-la,reciever,NA,122077
543,na-u₂-a-ta,source,NA,122080
544,i₃-kal-la,reciever,NA,122080
545,lugal-nir-ta,source,NA,122128
546,ur-{d}šul-pa-e₃,reciever,NA,122128
547,da-da-<ga>,source,NA,122175
548,ur-{d}šu-{d}suen,reciever,NA,122175
549,a-hu-ni-ta,source,NA,122193
550,ur-nigar{gar},reciever,NA,122193
551,a-ab-ba-ta,source,NA,122201
552,ur-mes,reciever,NA,122201
553,ur-{d}šul-pa-e₃-ta,source,NA,122359
554,i₃-la₂-la₂,reciever,NA,122359
555,ur-{d}suen-ta,source,NA,122368
556,ur-lugal,reciever,NA,122368
557,a-kal-la-ta,source,NA,122610
558,da-da-ga,reciever,NA,122610
559,lu₂-dingir-ra-ta,source,NA,122635
560,ur-nigar{gar},reciever,NA,122635
561,a-hu-ni-ta,source,NA,122665
562,ur-nigar{gar},reciever,NA,122665
563,šu-er₃-ra-ta,source,NA,122883
564,dingir-ba-ni,reciever,NA,122883
565,SI-A-a,source,NA,122903
566,be-li₂-sipa,reciever,NA,122903
567,SI-A-a-ta,source,NA,122906
568,a-da-lal₃,reciever,NA,122906
569,ur-{d}ba-ba₆-ta,source,NA,122952
570,ur-{d}lamma,reciever,NA,122952
571,lu₂-dingir-ra-ta,source,NA,123395
572,ur-nigar{gar},reciever,NA,123395
573,lu₂-uru₁₁{ki}-ta,source,NA,123426
574,a₂-bi₂-la-tum,reciever,NA,123426
575,na-lu₅-ta,source,NA,123445
576,ur-nigar{gar},reciever,NA,123445
577,lu₂-dingir-ra-ta,source,NA,123614
578,ur-nigar{gar},reciever,NA,123614
579,lu₂-dingir-ra-ta,source,NA,123634
580,ur-nigar{gar},reciever,NA,123634
581,lu₂-dingir-ra-ta,source,NA,123743
582,ur-nigar{gar},reciever,NA,123743
583,u₂-ta₂-mi-šar-ra-am-ta,source,NA,124249
584,[{d}]šul#-gi-iri#-mu#,reciever,NA,124249
585,šu-ma-ma-ta,source,NA,124272
586,{d}šul-gi-iri-mu,reciever,NA,124272
587,lu₂-dingir-ra-ta,source,NA,124476
588,ur-nigar{gar},reciever,NA,124476
589,lu₂-dingir-ra-ta,source,NA,124478
590,ur-nigar{gar},reciever,NA,124478
591,lu₂-dingir-ra-ta,source,NA,124479
592,ur-nigar{gar},reciever,NA,124479
593,{d}šul-gi-a-a-mu-ta,source,NA,124531
594,ur-nigar{gar},reciever,NA,124531
595,{d}šul-gi-a-a-mu-ta,source,NA,124534
596,ur-nigar{gar},reciever,NA,124534
597,a-ab-ba-ta,source,NA,124688
598,a-KA,reciever,NA,124688
599,lu₂-{d}nin-gir₂-su-ta,source,NA,124746
600,ur-ab-ba-x,reciever,NA,124746
601,ur-{d}šara₂-ta,source,NA,124832
602,a-kal-la,reciever,NA,124832
603,ur-ku₃-nun-na-ta,source,NA,125009
604,in-ta-e₃-a,reciever,NA,125009
605,ur-{d}lugal#-ušurₓ(|LAL.TUG₂|)-ta,source,NA,125048
606,a-na-mu,reciever,NA,125048
607,ARAD₂-ta,source,NA,125050
608,a-na-mu,reciever,NA,125050
609,lugal-ezem-ta,source,NA,125056
610,a-kal-la,reciever,NA,125056
611,ARAD₂-ta,source,NA,125068
612,bu₃-du,reciever,NA,125068
613,ARAD₂-ta,source,NA,125073
614,ša₃-a-da,reciever,NA,125073
615,ARAD₂-ta,source,NA,125078
616,lu₂-banda₃{da},reciever,NA,125078
617,ab-ba-ta,source,NA,125080
618,ba-sa₆,reciever,NA,125080
619,lugal-ezem-ta,source,NA,125082
620,ha-la-mu,reciever,NA,125082
621,ARAD₂-ta,source,NA,125094
622,lugal-a₂-zi-da,reciever,NA,125094
623,ur-geš-ša₃-ga-ta,source,NA,125111
624,a-kal-la,reciever,NA,125111
625,ARAD₂-ta,source,NA,125131
626,lugal-he₂-gal₂,reciever,NA,125131
627,ARAD₂-ta,source,NA,125148
628,ka-ku₃,reciever,NA,125148
629,ARAD₂-ta,source,NA,125157
630,šu-u₂,reciever,NA,125157
631,hu-wa-wa-ta,source,NA,125160
632,ka-ku₃,reciever,NA,125160
633,ARAD₂-ta,source,NA,125199
634,da-da-a,reciever,NA,125199
635,ARAD₂-ta,source,NA,125201
636,ur-dingir-ra,reciever,NA,125201
637,lu₂-kal-la-ta,source,NA,125279
638,i₃-kal-la,reciever,NA,125279
639,ur-{d}li₉-si₄-ta,source,NA,125363
640,lu₂-banda₃{da},reciever,NA,125363
641,na-ra-[am-i₃]-li₂-ta,source,NA,125634
642,lugal-ša₃-la₂,reciever,NA,125634
643,lugal-ku₃-zu-ta,source,NA,125777
644,šu-eš₁₈-dar,reciever,NA,125777
645,lu₂-dingir-ra-ta,source,NA,125842
646,ur-nigar{gar},reciever,NA,125842
647,a-mur-dingir-ta,source,NA,125951
648,lugal-ku₃-zu,reciever,NA,125951
649,{d}šara₂-kam-ta,source,NA,125968
650,ba-ba-ti,reciever,NA,125968
651,lu₂-dingir-ra-ta,source,NA,126012
652,ur-nigar{gar},reciever,NA,126012
653,na-ra-am-i₃-li₂-ta,source,NA,126050
654,{d}utu-GIR₂@g-[gal,reciever,NA,126050
655,a-hu-ni-ta,source,NA,126086
656,ur-nigar{gar},reciever,NA,126086
657,ur-{d}ig-alim-ta,source,NA,126290
658,ur₂-dingir,reciever,NA,126290
659,{d}šul-gi-a-a-mu-ta,source,NA,126396
660,ur-nigar{gar},reciever,NA,126396
661,a-hu-ni-ta,source,NA,126497
662,ur-nigar{gar},reciever,NA,126497
663,lu₂-dingir-ra-ta,source,NA,126500
664,ur-nigar{gar},reciever,NA,126500
665,{d}šara₂-kam-ta,source,NA,126815
666,ba-ba-ti,reciever,NA,126815
667,šu-{d}en-lil₂-la₂,source,NA,126819
668,ur-lal₃,reciever,NA,126819
669,na-ra-am-i₃-li₂-ta,source,NA,126820
670,ur!-lal₃#,reciever,NA,126820
671,ur-{d}al-la-ta,source,NA,126981
672,lu₂-{d}na-ru₂-a,reciever,NA,126981
673,lugal-e₂-mah-e-ta,source,NA,127098
674,da-da-ga,reciever,NA,127098
675,ab-ba-sa₆#-ga-ta,source,NA,127616
676,lu₂-{d}utu#,reciever,NA,127616
677,a-du-mu-ta,source,NA,127642
678,ur-{d}iškur,reciever,NA,127642
679,ur-{d}suen-ta,source,NA,127643
680,ur-{d}iškur,reciever,NA,127643
681,a-du-mu-ta,source,NA,127645
682,ur-{d}iškur,reciever,NA,127645
683,ur-gu₂-en-na-ta,source,NA,127952
684,a-kal-la-mu,reciever,NA,127952
685,na-ba-sa₆-ta,source,NA,127969
686,eš-am₃,reciever,NA,127969
687,ur-e₁₁-e-ta,source,NA,128048
688,si-NE-e,reciever,NA,128048
689,ur-gu₂-en-na-ta,source,NA,128049
690,lu₂-{d}utu,reciever,NA,128049
691,ur-{d}nanna-ta,source,NA,128121
692,{d}šul-gi-iri-mu,reciever,NA,128121
693,ARAD₂-ta,source,NA,128305
694,ur-dingir-ra,reciever,NA,128305
695,lu₂-gi-[na]-ta,source,NA,128333
696,i₃-kal-la,reciever,NA,128333
697,e₂-ur₂-bi-ta,source,NA,128436
698,ur-eš₃-lil₂-la₂,reciever,NA,128436
699,lu₂-dingir-ra-ta,source,NA,128455
700,{d}utu-mu,reciever,NA,128455
701,lu₂-kal-la-ta,source,NA,128756
702,ur-{d}dumu-zi-da,reciever,NA,128756
703,da-a-ga-ta,source,NA,129099
704,u₃-ma-ni,reciever,NA,129099
705,lugal-a₂-zi-da-ta,source,NA,129120
706,{d}šara₂-ba-zi-ge,reciever,NA,129120
707,lu₂-kal-la-ta,source,NA,129152
708,lu₂-u₁₈,reciever,NA,129152
709,lugal-ur₂-ra-ni-ta,source,NA,129232
710,i₃-kal-la,reciever,NA,129232
711,ur]-{d}nin-tu-ta,source,NA,129233
712,[i₃]-kal-la,reciever,NA,129233
713,lu₂-kal-la-ta,source,NA,129239
714,i₃-kal-la,reciever,NA,129239
715,ur-{d}nin-tu-ta,source,NA,129243
716,i₃-kal-la,reciever,NA,129243
717,ur-{d}nin-zu-ta,source,NA,129328
718,a-kal-la,reciever,NA,129328
719,ur-nigar{gar}-ta,source,NA,129334
720,ba-sa₆,reciever,NA,129334
721,lugal-{geš}gigir-re-ta,source,NA,129347
722,da-da-ga,reciever,NA,129347
723,ur-{d}ba-ba₆-ta,source,NA,129656
724,a-x-x,reciever,NA,129656
725,ur-{d}igi-ma-še₃-ta,source,NA,129801
726,nig₂-{d}ba-ba₆,reciever,NA,129801
727,ur-dun-ta,source,NA,130051
728,a-kal-la,reciever,NA,130051
729,lu₂-{d}šul-gi-ra-ta,source,NA,130149
730,[ur-{d}en]-lil₂-la₂,reciever,NA,130149
731,lugal-he₂-gal₂-ta,source,NA,130234
732,lu₂-giri₁₇-zal,reciever,NA,130234
733,lu₂-kal-la-ta,source,NA,130397
734,i₃-kal-la,reciever,NA,130397
735,ur-sila-luh-ta,source,NA,130402
736,la-ni-mu,reciever,NA,130402
737,pa₃-da-ta,source,NA,130567
738,a-kal-la,reciever,NA,130567
739,šeš-kal-la-ta,source,NA,130639
740,ku₃-ga-ni,reciever,NA,130639
741,ur-{d}ur₃-bar-tab-ta,source,NA,130736
742,lu₂-{d}nin-šubur,reciever,NA,130736
743,lu₂-kal-la-ta,source,NA,130737
744,lu₂-he₂-gal₂,reciever,NA,130737
745,da-da-ga-ta,source,NA,130750
746,a-kal-la,reciever,NA,130750
747,šeš-kal-la-ta,source,NA,130846
748,ur-zu,reciever,NA,130846
749,lu₂-igi-sa₆-sa₆-ta,source,NA,130847
750,ur-zu,reciever,NA,130847
751,si-NE-e-ta,source,NA,130950
752,AN-an-ne₂,reciever,NA,130950
753,ur-{d}šara₂,source,NA,130980
754,la-ni-mu,reciever,NA,130980
755,lugal-e₂-mah-e-ta,source,NA,131019
756,lugal-e-ba-an-sa₆,reciever,NA,131019
757,ur-{d}šul-pa-e₃-ta,source,NA,131025
758,la-ni-mu,reciever,NA,131025
759,ur-sila-luh-ta,source,NA,131028
760,la-ni-mu,reciever,NA,131028
761,ma₂-gur₈-re-ta,source,NA,131083
762,{d}utu-mu,reciever,NA,131083
763,ba-zi-ta,source,NA,131133
764,ur-mes,reciever,NA,131133
765,lu₂-{d}kal-la-ta,source,NA,131143
766,an-ne₂,reciever,NA,131143
767,ur-{d}nun-gal-ta,source,NA,131145
768,lugal-ezem,reciever,NA,131145
769,ur-ba-gara₂-ta,source,NA,131174
770,lugal-dumu-gi₇,reciever,NA,131174
771,ka₅-a-mu-ta,source,NA,131291
772,si-du₃,reciever,NA,131291
773,gu₃-de₂-a-ta,source,NA,131340
774,a-hu-a,reciever,NA,131340
775,u₄-de₃-nig₂-sa₆-ga-ta,source,NA,131351
776,ur-nigar{gar},reciever,NA,131351
777,ba-zi-ta,source,NA,131407
778,ur-{d}ba-ba₆,reciever,NA,131407
779,ur-{d}nin-tu-ta,source,NA,131768
780,i₃-kal-la,reciever,NA,131768
781,lu₂-giri₁₇-zal,reciever,NA,132175
782,lu₂-{d}igi-ma-še₃-ta,source,NA,132175
783,ur-{d}nin-geš-zi-da-ta,source,NA,132177
784,lugal-im-ru-a,reciever,NA,132177
785,ur-{d}ga₂-tum₃-du₁₀-ta,source,NA,132184
786,ur-{d}nanše-ke₄,reciever,NA,132184
787,al-la-mu-ta,source,NA,132266
788,al-la,reciever,NA,132266
789,al-la-mu-ta,source,NA,132356
790,ur-{d}nanše,reciever,NA,132356
791,lugal-im-ru-a-ta,source,NA,132471
792,ur-{d}nin-geš-zi-da,reciever,NA,132471
793,ur-nigar{gar}-ta,source,NA,132473
794,ur-mes,reciever,NA,132473
795,al-la-mu-ta,source,NA,132515
796,ur-{d}nin-geš-zi-da,reciever,NA,132515
797,al-la-mu-ta,source,NA,132552
798,ur-e₂-ninnu,reciever,NA,132552
799,lu₂-e₂-ku₄?-ra₂-ta,source,NA,132556
800,ur-{d}nanše,reciever,NA,132556
801,al-la-mu-ta,source,NA,132596
802,ur-{d}nin-geš-zi-da,reciever,NA,132596
803,ur-šu-ga-lam-ma-ta,source,NA,132601
804,na-ba-sa₆,reciever,NA,132601
805,al-la-mu-ta,source,NA,132605
806,ur-e₂-ninnu,reciever,NA,132605
807,ur-{d}ig-alim-ta,source,NA,132607
808,lugal-sukkal,reciever,NA,132607
809,ur-{d}šuš₃-{d}ba-ba₆-ta,source,NA,132623
810,ur-{d}en-lil₂,reciever,NA,132623
811,lugal-im-ru-a-ta,source,NA,132654
812,ur-{d}nin-geš-zi-da,reciever,NA,132654
813,ur-šu-ga-[lam-ma,reciever,NA,132694
814,na-ba-sa₆-ta,source,NA,132694
815,a-kal-la-ta,source,NA,132813
816,ARAD₂-PA,reciever,NA,132813
817,al-la-mu-ta,source,NA,132888
818,ur-mes,reciever,NA,132888
819,lu₂-uš-gi-na-ta,source,NA,132890
820,ur-nigar{gar},reciever,NA,132890
821,lu₂-gi-na-ta,source,NA,132901
822,ur-mes,reciever,NA,132901
823,al-la-mu-ta,source,NA,132911
824,lugal-iri-da,reciever,NA,132911
825,na-ba-sa₆#-ta,source,NA,133128
826,ur-šu-ga-lam-ma,reciever,NA,133128
827,ur-sa₆-ga-mu-ta,source,NA,133175
828,a-hu-a,reciever,NA,133175
829,{d}lamma-iri-na-ta,source,NA,133176
830,lugal-{d}šul-gi,reciever,NA,133176
831,al-la-ta,source,NA,133178
832,ur-{d}ba-ba₆,reciever,NA,133178
833,al-la-mu-ta,source,NA,133258
834,a-hu-a,reciever,NA,133258
835,ba-zi-ta,source,NA,133383
836,ur-e₂-ninnu,reciever,NA,133383
837,ur-gu-la-ta,source,NA,133491
838,ur-{d}igi-ma-še₃,reciever,NA,133491
839,[na-ba]-sa₆#-ta,source,NA,133527
840,ur-šu-ga-lam-ma,reciever,NA,133527
841,lu₂-nam-tar-ra-ta,source,NA,133667
842,lu₂-{d}geš-bar-e₃,reciever,NA,133667
843,lu₂-{d}nin-gir₂-su-ta,source,NA,133668
844,ur-nig₂,reciever,NA,133668
845,ka₅-a-mu,reciever,NA,133715
846,igi-tur-tur-ta,source,NA,133715
847,a-hu-ni-ta,source,NA,133945
848,ur-nigar{gar},reciever,NA,133945
849,{d}šul-gi-a-a-mu-ta,source,NA,133955
850,ur-nigar{gar},reciever,NA,133955
851,lu₂-dingir-ra-ta,source,NA,134273
852,ur-nigar{gar},reciever,NA,134273
853,lugal-im-ru-a-ta,source,NA,134297
854,ur-{d}nin-geš-zi-da,reciever,NA,134297
855,lugal-im-ru-a-ta,source,NA,134298
856,ur-{d}nin-geš-zi-da,reciever,NA,134298
857,ka-tar-ta,source,NA,134331
858,e₂-ki,reciever,NA,134331
859,lugal-nam-tar-re-ta,source,NA,134359
860,lu₂-du₁₀-ga,reciever,NA,134359
861,na-lu₅-ta,source,NA,134967
862,ur-nigar{gar},reciever,NA,134967
863,a-ba-{d}en-lil₂-gin₇-ta,source,NA,135017
864,{d}šul-gi-iri-mu,reciever,NA,135017
865,lu₂-kal-la-ta,source,NA,135193
866,a-kal-la,reciever,NA,135193
867,e₂-ur₂-bi-du₁₀-ta,source,NA,135311
868,ur-e₂-mah,reciever,NA,135311
869,e₂-gal-e-si-ta,source,NA,135318
870,ARAD₂-mu,reciever,NA,135318
871,a-kal-la-ta,source,NA,135494
872,lugal-ezem,reciever,NA,135494
873,ba-zi-ta,source,NA,135762
874,ur-{d}ba-ba₆,reciever,NA,135762
875,ba-zi-ta,source,NA,135769
876,ur-{d}ba-ba₆,reciever,NA,135769
877,lu₂-{d}nin-gir₂-su-ta,source,NA,135774
878,ur-mes,reciever,NA,135774
879,ur-{d}en-lil₂-la₂-ta,source,NA,135841
880,ma-ni,reciever,NA,135841
881,ur-{d}nin-tu-ta,source,NA,136013
882,i₃-kal-la,reciever,NA,136013
883,a-gu-ta,source,NA,136075
884,za₃-ga-ni,reciever,NA,136075
885,a-hu-ni-ta,source,NA,136093
886,ur-nigar{gar},reciever,NA,136093
887,si-du₃,source,NA,136181
888,a-hu-a,reciever,NA,136181
889,ur-ru-ta,source,NA,136203
890,a-kal-la,reciever,NA,136203
891,lugal-[...]-ta,source,NA,136412
892,nam-zi-tar-ra,reciever,NA,136412
893,lu₂-me-lam₂-ta,source,NA,136582
894,lu₂-{d}šul-gi,reciever,NA,136582
895,lum-ma-ta,source,NA,136671
896,ha-bu₃,reciever,NA,136671
897,kur-mu-gam-ta,source,NA,136728
898,lu₂-{d}en-ki,reciever,NA,136728
899,kur-mu-gam-ta,source,NA,136729
900,lu₂-{d}en-ki,reciever,NA,136729
901,ARAD₂-{d}nanna-ta,source,NA,136746
902,a-hu-wa-qar,reciever,NA,136746
903,ur-gu₂-edin-na-ta,source,NA,136748
904,a-hu-wa-qar,reciever,NA,136748
905,šu-ku-bu-um-ta,source,NA,136758
906,a-hu-wa-qar,reciever,NA,136758
907,ARAD₂-{d}nanna-ta,source,NA,136759
908,a-hu-wa-qar,reciever,NA,136759
909,ARAD₂-{d}nanna-ta,source,NA,136760
910,a-hu-wa-qar,reciever,NA,136760
911,ur-gu₂-edin-na-ta,source,NA,136761
912,a-hu-wa-qar,reciever,NA,136761
913,ARAD₂-{d}nanna-ta,source,NA,136763
914,a-hu-wa-qar,reciever,NA,136763
915,ARAD₂-{d}nanna-ta,source,NA,136765
916,a-hu-wa-qar,reciever,NA,136765
917,ARAD₂-{d}nanna-ta,source,NA,136766
918,a-hu-wa-qar,reciever,NA,136766
919,ARAD₂-{d}nanna-ta,source,NA,136779
920,a-hu-wa-qar,reciever,NA,136779
921,ARAD₂-{d}nanna-ta,source,NA,136780
922,a-hu-wa-qar,reciever,NA,136780
923,ARAD₂-{d}nanna-ta,source,NA,136798
924,a-hu-wa-qar,reciever,NA,136798
925,ARAD₂-{d}nanna-ta,source,NA,136800
926,a-hu-wa-qar,reciever,NA,136800
927,dingir-su-ra-bi₂-ta,source,NA,136815
928,a-hu-wa-qar,reciever,NA,136815
929,dingir-su-ra-bi₂-ta,source,NA,136816
930,a-hu-wa-qar,reciever,NA,136816
931,ARAD₂-{d}nanna-ta,source,NA,136823
932,a-hu-wa-qar,reciever,NA,136823
933,ARAD₂-{d}nanna-ta,source,NA,136844
934,a-hu-wa-qar,reciever,NA,136844
935,ur-gu₂-edin-na-ta,source,NA,136853
936,a-hu-wa-qar,reciever,NA,136853
937,ur-gu₂-edin-na-ta,source,NA,136856
938,a-hu-wa-qar,reciever,NA,136856
939,ur-gu₂-edin-na-ta,source,NA,136857
940,a-hu-ba-qar,reciever,NA,136857
941,ur-gu₂-edin-na-ta,source,NA,136860
942,a-hu-wa-qar,reciever,NA,136860
943,ARAD₂-{d}nanna-ta,source,NA,136861
944,a-hu-wa-qar,reciever,NA,136861
945,ur-gu₂-edin-na-ta,source,NA,136862
946,a-hu-wa-qar,reciever,NA,136862
947,ARAD₂-{d}nanna-ta,source,NA,136873
948,a-hu-wa-qar,reciever,NA,136873
949,ARAD₂-{d}nanna-ta,source,NA,136879
950,a-hu-wa-qar,reciever,NA,136879
951,ARAD₂-{d}nanna-ta,source,NA,136883
952,a-hu-wa-qar,reciever,NA,136883
953,ARAD₂-{d}nanna-ta,source,NA,136885
954,a-hu-wa-qar,reciever,NA,136885
955,bu-ru-uq-ta,source,NA,136888
956,a-hu-wa-qar,reciever,NA,136888
957,ur-gu₂-edin-na-ta,source,NA,136893
958,a-hu-wa-qar,reciever,NA,136893
959,ARAD₂-{d}nanna-ta,source,NA,136907
960,a-hu-wa-qar,reciever,NA,136907
961,dingir-su-ra-bi₂-ta,source,NA,136908
962,a-hu-wa-qar,reciever,NA,136908
963,ARAD₂-{d}nanna-ta,source,NA,136914
964,a-hu-wa-qar,reciever,NA,136914
965,ARAD₂-{d}nanna-ta,source,NA,136946
966,a-hu-wa-qar,reciever,NA,136946
967,ARAD₂-{d}nanna-ta,source,NA,136964
968,a-hu-wa-qar,reciever,NA,136964
969,ARAD₂-{d}nanna-ta,source,NA,136971
970,a-hu-wa-qar,reciever,NA,136971
971,ARAD₂-{d}nanna-ta,source,NA,136977
972,a-hu-wa-qar,reciever,NA,136977
973,amar-{d}iškur-ta,source,NA,136982
974,a-hu-wa-qar,reciever,NA,136982
975,ur-gu₂-edin-na-ta,source,NA,136987
976,a-hu-wa-qar,reciever,NA,136987
977,{d}i-bi₂-{d}suen-{d}en-lil₂-da-nir-gal₂-ta,source,NA,136997
978,a-hu-wa-qar,reciever,NA,136997
979,ur-gu₂-edin-na-ta,source,NA,137002
980,a-hu-wa-<qar>,reciever,NA,137002
981,ur-še-il₂-la-ta,source,NA,137005
982,a-hu-wa-qar,reciever,NA,137005
983,ur-gu₂-edin-na-ta,source,NA,137016
984,a-hu-wa-qar,reciever,NA,137016
985,dingir-su-ra-bi₂-ta,source,NA,137081
986,a-hu-wa-qar,reciever,NA,137081
987,dingir-su-ra-bi₂-ta,source,NA,137088
988,a-hu-wa-qar,reciever,NA,137088
989,dingir-su-ra-bi₂-ta,source,NA,137089
990,a-hu-wa-qar,reciever,NA,137089
991,dingir-su-ra-bi₂-ta,source,NA,137092
992,a-hu-wa-qar,reciever,NA,137092
993,dingir-su-ra-bi₂-ta,source,NA,137094
994,a-hu-wa-qar,reciever,NA,137094
995,lu₂-{d}en-ki-ta,source,NA,137119
996,{d}i-bi₂-{d}suen-{d}en-lil₂-da-nir-gal₂,reciever,NA,137119
997,{d}nanna-kam-ta,source,NA,137123
998,a-hu-wa-qar,reciever,NA,137123
999,{d}nanna-kam-ta,source,NA,137130
1000,a-hu-wa-qar,reciever,NA,137130
1001,{d}nanna-kam-ta,source,NA,137132
1002,a-hu-wa-qar,reciever,NA,137132
1003,{d}nanna-kam-ta,source,NA,137141
1004,a-hu-wa-qar,reciever,NA,137141
1005,ur-e₂-ninnu-ta,source,NA,137197
1006,ur-du₆,reciever,NA,137197
1007,a-ab-ba-zi-mu-ta,source,NA,137292
1008,lu₂-gi-na,reciever,NA,137292
1009,na-silim-ta,source,NA,137319
1010,ur-ku₃-nun-na,reciever,NA,137319
1011,ur-ku₃-nun-na-ta,source,NA,137324
1012,i-di₃-{d}suen,reciever,NA,137324
1013,nam-zi-tar-ra-ta,source,NA,137460
1014,giri₃#-AB-NE,reciever,NA,137460
1015,ur-{d}ba-ba₆-ta,source,NA,137598
1016,bur-ma-ma,reciever,NA,137598
1017,ur-{d}ba-ba₆-ta,source,NA,137610
1018,ur-mes,reciever,NA,137610
1019,ur-{d}ba-ba₆-ta,source,NA,137611
1020,ur-mes,reciever,NA,137611
1021,nig₂-sa₆-ga-ta,source,NA,137661
1022,lu₂-sukkal-ke₄,reciever,NA,137661
1023,šu]-e₂-a-ta,source,NA,137672
1024,ARAD₂-{d}nanna,reciever,NA,137672
1025,ki-zi-ta,source,NA,137689
1026,ki-zi,reciever,NA,137689
1027,ur-{geš}gigir,reciever,NA,138003
1028,lu₂-dingir-ra,source,NA,138003
1029,šu-ku₈-bu-um,reciever,NA,138005
1030,nig₂-{d}ba-ba₆-ta,source,NA,138005
1031,ur-e₂-an-na-ta,source,NA,138069
1032,a-hu-wa-qar,reciever,NA,138069
1033,lu₂-{d}ba-ba₆-ta,source,NA,138070
1034,a-hu-wa-qar,reciever,NA,138070
1035,ur-e₂-an-na-ta,source,NA,138075
1036,a-hu-wa-qar,reciever,NA,138075
1037,a-hu-šu-ni-ta,source,NA,138083
1038,{d}suen-iš-ti-gal,reciever,NA,138083
1039,ur-dingir-ra-ta,source,NA,138085
1040,ge₆-par₄-ki-du₁₀,reciever,NA,138085
1041,[ARAD₂-{d}]nanna-ta,source,NA,138618
1042,a-hu-[wa]-qar,reciever,NA,138618
1043,ARAD₂-{d}nanna-ta,source,NA,138631
1044,a-hu-wa-qar,reciever,NA,138631
1045,ARAD₂-{d}nanna-ta,source,NA,138633
1046,a-hu-wa-qar,reciever,NA,138633
1047,ARAD₂-{d}nanna-ta,source,NA,138727
1048,a-hu-wa-qar,reciever,NA,138727
1049,ARAD₂-{d}nanna-ta,source,NA,138735
1050,a-hu-wa-qar,reciever,NA,138735
1051,ARAD₂-{d}nanna-ta,source,NA,138742
1052,a-hu-wa-qar,reciever,NA,138742
1053,ARAD₂-ta,source,NA,139517
1054,lugal-ba-ta-e₃,reciever,NA,139517
1055,ARAD₂-ta,source,NA,139518
1056,lu₂-giri₁₇-zal,reciever,NA,139518
1057,ARAD₂-ta,source,NA,139525
1058,ba-a-mu,reciever,NA,139525
1059,ARAD₂-ta,source,NA,139528
1060,da-da-a,reciever,NA,139528
1061,lu₂-dingir-ra-ta,source,NA,139603
1062,ur-{d}šara₂,reciever,NA,139603
1063,a-a-kal-la-ta,source,NA,139650
1064,lugal-ku₃-zu,reciever,NA,139650
1065,lu₂-kal-la-ta,source,NA,139899
1066,i₃-kal-la,reciever,NA,139899
1067,lugal-ša₃-la₂-ta,source,NA,140030
1068,ur#-{d}šul-pa-e₃,reciever,NA,140030
1069,ur-{d}[...]-ta,source,NA,140127
1070,ur-{d}[šul-pa]-e₃#,reciever,NA,140127
1071,lugal-ušur₃-ta,source,NA,140182
1072,ARAD₂-mu,reciever,NA,140182
1073,ur-{d}nin-tu-ta,source,NA,140199
1074,i₃-kal-la,reciever,NA,140199
1075,ur-{d}šul-pa-e₃-ta,source,NA,140295
1076,lu₂-du₁₀-ga,reciever,NA,140295
1077,ur-{d}šul-pa-e₃-ta,source,NA,140350
1078,lugal-ezem,reciever,NA,140350
1079,giri₃-{d}nanna-i₃-dab₅-ta,source,NA,140520
1080,lugal-ušurₓ(|LAL₂.TUG₂|),reciever,NA,140520
1081,lugal-a-ni-sa₆-ta,source,NA,141280
1082,i₃-kal-la,reciever,NA,141280
1083,ur-e₁₁-e-ta,source,NA,141311
1084,nigar{gar}-ki-du₁₀,reciever,NA,141311
1085,ur-gu₂-edin-na,source,NA,141424
1086,i₃-kal-la,reciever,NA,141424
1087,ur-{d}šul-pa-e₃-ta,source,NA,141491
1088,gur₄-za-an,reciever,NA,141491
1089,a-kal-la,source,NA,141675
1090,ab-ba-gi-na,reciever,NA,141675
1091,lugal-nesag-e-ta,source,NA,141682
1092,nu-ur₂-[{d}]iškur,reciever,NA,141682
1093,lu₂-uru₁₁{ki}-ta,source,NA,141862
1094,ur-{d}ba-ba₆,reciever,NA,141862
1095,maš-maš-ne,reciever,NA,141984
1096,a-gu-ta,source,NA,141984
1097,lugal-ku₃-ga-ni-ta,source,NA,141992
1098,lugal-he₂-gal₂,reciever,NA,141992
1099,lugal-kisal-ta,source,NA,141997
1100,da-da-a,reciever,NA,141997
1101,[lugal]-e₂!-mah-e-ta,source,NA,142004
1102,a-kal-la,reciever,NA,142004
1103,lu₂-du₁₀-ga,source,NA,142009
1104,gu-du-du,reciever,NA,142009
1105,lu₂-{d}ha-ia₃-ta,source,NA,142011
1106,gu#-du-du,reciever,NA,142011
1107,lugal-me-du₁₀-ga-ta,source,NA,142108
1108,lugal-HAR-e,reciever,NA,142108
1109,nam-ha-ni-ta,source,NA,142167
1110,uš-mu,reciever,NA,142167
1111,a-kal-la-ta,source,NA,142177
1112,ur-zu,reciever,NA,142177
1113,i₇-pa-e₃-ta,source,NA,142288
1114,lu₂-gi-na,reciever,NA,142288
1115,ARAD₂-ta,source,NA,142327
1116,lugal-ba-ta-ra#-e₃-a,reciever,NA,142327
1117,ARAD₂-mu-ta,source,NA,142620
1118,na-silim,reciever,NA,142620
1119,lugal-ezem-ta,source,NA,142762
1120,lu₂-eb-gal,reciever,NA,142762
1121,ur-e₁₁-e-ta,source,NA,143008
1122,ur-{d}šara₂,reciever,NA,143008
1123,an-gu-gu-ta,source,NA,143015
1124,la-ni-mu,reciever,NA,143015
1125,na-ra-am-i₃-li₂-ta,source,NA,143205
1126,{d}nin-lil₂-ama-mu,reciever,NA,143205
1127,ur-{d}gu-nu-ra-ta,source,NA,143213
1128,ur-{d}utu,reciever,NA,143213
1129,ur-{d}li₉-si₄-ta,source,NA,143216
1130,lugal-gu₂-en-e,reciever,NA,143216
1131,ur-{d}li₉-si₄-ta,source,NA,143235
1132,lu₂-banda₃{da},reciever,NA,143235
1133,šeš-kal-la-ta,source,NA,143260
1134,a-kal-la,reciever,NA,143260
1135,ARAD₂-ta,source,NA,143262
1136,ur-{d}iškur,reciever,NA,143262
1137,ARAD₂-ta,source,NA,143268
1138,{d}šara₂-a-zi,reciever,NA,143268
1139,šeš-kal-la-ta,source,NA,143284
1140,ukken-ne₂,reciever,NA,143284
1141,ARAD₂-ta,source,NA,143317
1142,ka-ku₃,reciever,NA,143317
1143,ur-{d}bil₂-ta,source,NA,143341
1144,ur-sa₆-ga,reciever,NA,143341
1145,lugal-ezem-ta,source,NA,143371
1146,lugal-nig₂-lagar-e,reciever,NA,143371
1147,ARAD₂-ta,source,NA,143475
1148,lugal-{geš}kiri₆,reciever,NA,143475
1149,ARAD₂-ta,source,NA,143482
1150,ba-sa₆-ga,reciever,NA,143482
1151,ur-e₁₁-e-ta,source,NA,143483
1152,lu₂-banda₃{da},reciever,NA,143483
1153,ur-ki-ku₃-ga-ta,source,NA,143520
1154,ur-{d}šara₂,reciever,NA,143520
1155,lu₂-giri₁₇-zal-ta,source,NA,143565
1156,ukken-ne₂,reciever,NA,143565
1157,ku₃-ga-ni-ta,source,NA,143700
1158,i₃-kal-la,reciever,NA,143700
1159,ARAD₂-ta,source,NA,143781
1160,ur-{geš}gigir,reciever,NA,143781
1161,ARAD₂-ta,source,NA,143782
1162,ur-dingir-ra,reciever,NA,143782
1163,ur-nigar{gar},reciever,NA,143924
1164,ab-ba-sa₆-ga-ta,source,NA,143924
1165,lu₂-kal-la-ta,source,NA,143971
1166,ur-{d}šara₂,reciever,NA,143971
1167,{d}šara₂-kam-ta,source,NA,143989
1168,za-ni-a,reciever,NA,143989
1169,lu₂-{d}nam₂-an-ka-ta,source,NA,144101
1170,nig₂-lagar-e,reciever,NA,144101
1171,lu₂-giri₁₇-zal-ta,source,NA,144154
1172,lu₂-dingir-ra,reciever,NA,144154
1173,ARAD₂-ta,source,NA,144155
1174,a-kal-la,reciever,NA,144155
1175,ur-sa₆-sa₆,reciever,NA,144215
1176,lu₂-{d}šul-gi-ra-ta,source,NA,144215
1177,ab-ba-sa₆-ga-ta,source,NA,144419
1178,u₃-[ma-ni],reciever,NA,144419
1179,du-šu-mu-um-e,reciever,NA,145045
1180,a-da-lal₃,source,NA,145045
1181,hal-la-a,reciever,NA,145237
1182,ur-{d}suen-ta,source,NA,145237
1183,bi₂-du₁₁-ga-ta,source,NA,145256
1184,lu₂-du₁₀-ga,reciever,NA,145256
1185,lugal-sa₆-ga-ta,source,NA,145290
1186,lu₂-gi-na,reciever,NA,145290
1187,{d}šara₂-za-me!-en-ta,source,NA,145326
1188,am₃-mu,reciever,NA,145326
1189,lu₂-dingir-ra-ta,source,NA,145880
1190,ur-lugal-ke₄,reciever,NA,145880
1191,lugal-im-ru-a-ta,source,NA,200597
1192,ur-{d}nin-geš-zi-da,reciever,NA,200597
1193,lugal-nir-ta,source,NA,201045
1194,i₃-kal-la,reciever,NA,201045
1195,ur-{d}šul-pa-e₃-ta,source,NA,201063
1196,i₃-kal-la,reciever,NA,201063
1197,ab-ba-sa₆-ga-ta,source,NA,201158
1198,ur-mes,reciever,NA,201158
1199,ba-zi-ta,source,NA,201266
1200,[ur]-{d}igi-zi-bar-ra,reciever,NA,201266
1201,lugal-e-ba-an-sa₆-ta,source,NA,201334
1202,ur-{d}šara₂,reciever,NA,201334
1203,a-hu-ni-ta,source,NA,201360
1204,ur-nigar{gar},reciever,NA,201360
1205,lu₂-dingir-ra-ta,source,NA,201441
1206,ur-nigar{gar},reciever,NA,201441
1207,ba-zi-ta,source,NA,202568
1208,ur-{d}ba-ba₆,reciever,NA,202568
1209,ba-zi-ta,source,NA,203424
1210,ab-ba-mu,reciever,NA,203424
1211,ur-dam-ta,source,NA,204622
1212,ur-{d}nanše,reciever,NA,204622
1213,ur-mes-ta,source,NA,205102
1214,al-la,reciever,NA,205102
1215,ka-ka-gu-ta,source,NA,205921
1216,ur-ab-ba,reciever,NA,205921
1217,ur-{d}nanše-ta,source,NA,206121
1218,ba-la,reciever,NA,206121
1219,ur-{d}nanše-ta,source,NA,206549
1220,lu₂-igi-sa₆-sa₆,reciever,NA,206549
1221,ur-e₂-gal-ta,source,NA,206579
1222,ša₃-da,reciever,NA,206579
1223,i₃-kal-la-ta,source,NA,206596
1224,ur-{d}ba-ba₆,reciever,NA,206596
1225,ur-eš₃-ku₃-ga-ta,source,NA,206642
1226,ur-{d}ba-ba₆,reciever,NA,206642
1227,a-tu-ta,source,NA,207481
1228,ar-ši-ah,reciever,NA,207481
1229,šeš-kal-la-ta,source,NA,208552
1230,a-kal-la,reciever,NA,208552
1231,a-tu-ta,source,NA,208614
1232,a-kal-la,reciever,NA,208614
1233,ur-{d}ba-ba₆-ta,source,NA,208620
1234,lugal#-ezem,reciever,NA,208620
1235,lu₂-{d}šara₂-ta,source,NA,208634
1236,ur-e₁₁-e,reciever,NA,208634
1237,ARAD₂-ta,source,NA,208644
1238,ur-e₁₁-e,reciever,NA,208644
1239,ur-e₁₁-e-ta,source,NA,208654
1240,da-da-ga,reciever,NA,208654
1241,lu₂-kal-la-ta,source,NA,208658
1242,i₃-kal-la,reciever,NA,208658
1243,ša₃-nin-ga₂-ta,source,NA,209120
1244,[a]-kal-la,reciever,NA,209120
1245,lu₂-{d}nin-šubur-ta,source,NA,209338
1246,lu₂-{d}šara₂,reciever,NA,209338
1247,na-u₂-a-ta,source,NA,209405
1248,la-a-mu,reciever,NA,209405
1249,ur-{d}šara₂-ta,source,NA,209423
1250,ur-mes,reciever,NA,209423
1251,na-u₂-a-ta,source,NA,209432
1252,a-kal-la,reciever,NA,209432
1253,ARAD₂-ta,source,NA,209435
1254,ur-{d}suen-ke₄,reciever,NA,209435
1255,lu₂-banda₃{da}-ta,source,NA,209497
1256,ur-{d}li₉-si₄,reciever,NA,209497
1257,ARAD₂-ta,source,NA,209500
1258,lu₂-banda₃{da},reciever,NA,209500
1259,ARAD₂-ta,source,NA,209512
1260,gur₈?-za-an,reciever,NA,209512
1261,ARAD₂-ta,source,NA,209514
1262,ur-dingir-ra,reciever,NA,209514
1263,ARAD₂-ta,source,NA,209617
1264,šu-u₂-u₂,reciever,NA,209617
1265,ARAD₂-ta,source,NA,209631
1266,a-du,reciever,NA,209631
1267,pa₃-da-ta,source,NA,209646
1268,la-a-mu,reciever,NA,209646
1269,ARAD₂-ta,source,NA,209673
1270,ur-dingir-ra,reciever,NA,209673
1271,ARAD₂-ta,source,NA,209681
1272,ur-ge₆-par₄,reciever,NA,209681
1273,ur-{d}lamma,reciever,NA,210010
1274,lu₂-{d}nin-šubur-ta,source,NA,210010
1275,ur-{d}šara₂,source,NA,210116
1276,a-du,reciever,NA,210116
1277,lugal-ezem-ta,source,NA,210195
1278,ba-sa₆,reciever,NA,210195
1279,lu₂-{d}šul-gi-ra-ta,source,NA,210237
1280,u₃-ma-ni,reciever,NA,210237
1281,ARAD₂-ta,source,NA,210269
1282,ur-{d}suen,reciever,NA,210269
1283,bi₂-du₁₁-ga-ta,source,NA,210281
1284,ba-sa₆,reciever,NA,210281
1285,lu₂-[dingir-ra]-ta,source,NA,210463
1286,ur-nigar{gar},reciever,NA,210463
1287,ur-{d}nin-tu-ta,source,NA,211487
1288,i₃-kal-la,reciever,NA,211487
1289,uš-mu-ta,source,NA,211525
1290,lu₂-{d}nin-šubur,reciever,NA,211525
1291,ur-{d}ba-ba₆-ta,source,NA,211617
1292,da-da-ga#,reciever,NA,211617
1293,da-da-ga-ta,source,NA,211639
1294,a-du,reciever,NA,211639
1295,ur-sila-luh-ta,source,NA,211643
1296,la-ni-mu,reciever,NA,211643
1297,ur-{d}dumu-zi-da-ta,source,NA,211727
1298,a-du,reciever,NA,211727
1299,ur-{d}suen-ta,source,NA,211732
1300,ur-{d}iškur,reciever,NA,211732
1301,ša₃-ku₃-ge-ta,source,NA,211736
1302,i₃-kal-la,reciever,NA,211736
1303,lugal-nir-ta,source,NA,211739
1304,i₃-kal-la,reciever,NA,211739
1305,ur-{d}šara₂-ta,source,NA,211742
1306,la-ni-mu,reciever,NA,211742
1307,šeš-kal-la-ta,source,NA,211805
1308,ukken-ne₂,reciever,NA,211805
1309,šeš-kal-la-ta,source,NA,211812
1310,da-da-a,reciever,NA,211812
1311,ur-{d}nin-tu-ta,source,NA,211827
1312,i₃-kal-la,reciever,NA,211827
1313,ur-{d}nin#-tu-ta,source,NA,211857
1314,i₃-kal-la,reciever,NA,211857
1315,ur-{d}nin-tu-ta,source,NA,211859
1316,i₃-kal-la,reciever,NA,211859
1317,ur-{d}šara₂,source,NA,211911
1318,i₃-kal-la,reciever,NA,211911
1319,šeš-kal-la-ta,source,NA,211997
1320,ku₃-ga-ni,reciever,NA,211997
1321,lu₂-{d}nin-šubur-ta,source,NA,212001
1322,ab-ba-sa₆-ga,reciever,NA,212001
1323,da-a-ga,reciever,NA,218067
1324,a-tu-ta,source,NA,218067
1325,a-ab-ba-ni-ta,source,NA,218154
1326,a-kal-la,reciever,NA,218154
1327,a-du-ta,source,NA,235046
1328,{d}šara₂-kam,reciever,NA,235046
1329,nam-ha-ni-ta,source,NA,235219
1330,ur-sa₆-ga,reciever,NA,235219
1331,ARAD₂-ta,source,NA,235406
1332,ur-dun,reciever,NA,235406
1333,en-dingir-mu-ta,source,NA,235435
1334,{d}nin-lil₂-ama-mu,reciever,NA,235435
1335,da-da#-ga-ta,source,NA,235500
1336,ur-{d}nun-gal,reciever,NA,235500
1337,ur-{d}li₉-si₄-ta,source,NA,248696
1338,lu₂-{d}nin-ildu₃-ma,reciever,NA,248696
1339,lugal-{geš}gigir-ta,source,NA,249136
1340,ur-{d}šara₂,reciever,NA,249136
1341,dingir-su-ra-bi₂,source,NA,272596
1342,a-da-lal₃,reciever,NA,272596
1343,a-du-ta,source,NA,273409
1344,la-ni-mu,reciever,NA,273409
1345,ur-ba-gara₂-ta,source,NA,274293
1346,ur-sa₆-ga-mu,reciever,NA,274293
1347,šeš-kal-la-ta,source,NA,283844
1348,ur-ki-ku₃-ga,reciever,NA,283844
1349,ARAD₂-ta,source,NA,290176
1350,lugal-ušurₓ(|LAL₂.TUG₂|)?,reciever,NA,290176
1351,da-da-ga-ta,source,NA,290368
1352,a-kal-la,reciever,NA,290368
1353,ur-gu₂-edin-na-ta,source,NA,290444
1354,a-ki-lu₅-la,reciever,NA,290444
1355,šeš-kal-la-ta,source,NA,290449
1356,du-u₂-du₁₁,reciever,NA,290449
1357,da-da-ga-ta,source,NA,290583
1358,da-da-ga,reciever,NA,290583
1359,ARAD₂-ta,source,NA,290584
1360,ab-ba-sa₆-ga,reciever,NA,290584
1361,lugal-sa₆-ga-ta,source,NA,290606
1362,a-kal-la,reciever,NA,290606
1363,lugal-ezem-ta,source,NA,290609
1364,a-kal-la,reciever,NA,290609
1365,ur-{d}nin-tu-ta,source,NA,290612
1366,i₃-kal-la,reciever,NA,290612
1367,lugal-a₂-zi-da-ta,source,NA,290739
1368,ur-lugal-ke₄,reciever,NA,290739
1369,da-da-ta,source,NA,290753
1370,ba-sa₆,reciever,NA,290753
1371,ur-mes-ta,source,NA,290791
1372,lu₂-dingir-ra,reciever,NA,290791
1373,lugal-ezem-ta,source,NA,290825
1374,da-da-ga,reciever,NA,290825
1375,lugal-nesag-e-ta,source,NA,290873
1376,a-kal-la,reciever,NA,290873
1377,lu₂-kal-la-ta,source,NA,290904
1378,a-kal-la,reciever,NA,290904
1379,lugal-{geš}kiri₆-ta,source,NA,291202
1380,a-kal-la,reciever,NA,291202
1381,šeš-kal-la-ta,source,NA,291591
1382,lugal-e-ba-an-sa₆,reciever,NA,291591
1383,ur-{d}šara₂-ta,source,NA,291726
1384,la-ni-mu,reciever,NA,291726
1385,lugal-e₂-mah-e-ta,source,NA,291727
1386,al-la,reciever,NA,291727
1387,ur-{d}ba-ba₆,source,NA,291735
1388,la-ni-mu,reciever,NA,291735
1389,gu-u₂-gu-a-ta,source,NA,291739
1390,lu₂-{d}šul-gi-ra,reciever,NA,291739
1391,ur-sila-luh-ta,source,NA,291753
1392,la-ni-mu,reciever,NA,291753
1393,ARAD₂-ta,source,NA,291810
1394,šeš-kal-la,reciever,NA,291810
1395,lugal#-nig₂-lagar-e-ta,source,NA,291817
1396,la-ni-mu,reciever,NA,291817
1397,ur-{d}suen-ta,source,NA,291850
1398,ur-{d}iškur,reciever,NA,291850
1399,lugal-ezem-ta,source,NA,291871
1400,[lugal]-nig₂-lagar-e,reciever,NA,291871
1401,da-da-ga-ta,source,NA,291985
1402,la-ni-mu,reciever,NA,291985
1403,ur-{d}utu,source,NA,291991
1404,da-da-ga,reciever,NA,291991
1405,ARAD₂-ta,source,NA,292055
1406,a-kal-la,reciever,NA,292055
1407,šeš-kal-la-ta,source,NA,292062
1408,a-kal-la,reciever,NA,292062
1409,lu₂-{d}šara₂-ta,source,NA,292141
1410,ki-la-ri,reciever,NA,292141
1411,ku₃-ga-ni-ta,source,NA,292300
1412,a-kal-la,reciever,NA,292300
1413,ARAD₂-ta,source,NA,292367
1414,ur-e₁₁-e-ke₄,reciever,NA,292367
1415,gu-du-du-ta,source,NA,292402
1416,i₃-kal-la,reciever,NA,292402
1417,ur-{d}suen-ta,source,NA,292417
1418,i₃-kal-la,reciever,NA,292417
1419,lu₅-lu₅-ta,source,NA,292418
1420,a-kal-la,reciever,NA,292418
1421,ur-{d}šul-pa-e₃-ta,source,NA,292532
1422,ur-e₁₁-e,reciever,NA,292532
1423,ur-{d}ma-mi-ta,source,NA,292548
1424,a-kal-la,reciever,NA,292548
1425,ur-e₁₁-e-ta,source,NA,297077
1426,u₃-ma-ni,reciever,NA,297077
1427,na-lu₅-ta,source,NA,303489
1428,ur-nigar{gar},reciever,NA,303489
1429,na-lu₅-ta,source,NA,303491
1430,ur-nigar{gar},reciever,NA,303491
1431,lu₂-dingir-ra-ta,source,NA,303563
1432,ur-nigar{gar},reciever,NA,303563
1433,lu₂-dingir-ra-ta,source,NA,303612
1434,ur-nigar{gar},reciever,NA,303612
1435,na-lu₅-ta,source,NA,303616
1436,ur-nigar{gar},reciever,NA,303616
1437,lu₂-{d}šul-gi-ra-ta,source,NA,303694
1438,a-du-mu,reciever,NA,303694
1439,ur-{d}nun-gal-ta,source,NA,303695
1440,u₃-ma-ni,reciever,NA,303695
1441,lu₂-dingir-ra-ta,source,NA,303748
1442,ur-nigar{gar},reciever,NA,303748
1443,šu-ab-ba-ta,source,NA,303796
1444,er₃-ra-nu-id,reciever,NA,303796
1445,gu₂-tar-ta,source,NA,312573
1446,šeš-kal-la,reciever,NA,312573
1447,ur-{d}en-lil₂-la₂-ta,source,NA,315711
1448,a-hu-a,reciever,NA,315711
1449,ur-ab-ba-ta,source,NA,317722
1450,nig₂-{d}ba-ba₆,reciever,NA,317722
1451,ur-{d}nanše-ta,source,NA,317750
1452,ur-dun,reciever,NA,317750
1453,lu₂-giri₁₇-zal-ta,source,NA,317923
1454,lugal-ša₃-la₂,reciever,NA,317923
1455,lu₂-{d}nin-šubur-ta,source,NA,320492
1456,ur-mes,reciever,NA,320492
1457,na#-sa₆#-ta,source,NA,320502
1458,ur-{d}[ba]-ba₆#,reciever,NA,320502
1459,bar-bar-li₂-a-ta,source,NA,321015
1460,dingir-ba-ni,reciever,NA,321015
1461,ba-zi-ta,source,NA,321133
1462,ur-{d}lamma,reciever,NA,321133
1463,šeš-kal-la-ta,source,NA,321138
1464,ur-{d}en-gal-du-du,reciever,NA,321138
1465,lu₂-gi-na-ta,source,NA,321153
1466,lu₂-lagaš{ki},reciever,NA,321153
1467,ba-la-a,reciever,NA,324549
1468,{d}iškur-illat-ta,source,NA,324549
1469,{d}iškur-illat-ta,source,NA,325984
1470,a-na-ah-i₃-li₂,reciever,NA,325984
1471,ba-zi-ta,source,NA,330162
1472,ur-nig₂,reciever,NA,330162
1473,a-kal-la,source,NA,332058
1474,ur-e₁₁-e,reciever,NA,332058
1475,{d}lamma-iri-na-ta,source,NA,332131
1476,lugal-da-ga,reciever,NA,332131
1477,ukken-ne₂-ta,source,NA,332144
1478,da-da-a,reciever,NA,332144
1479,SI-A-<a>,reciever,NA,332191
1480,ur-{d}nanše-ta,source,NA,332191
1481,ur-me-me-ta,source,NA,332252
1482,ur#-{d}šul-pa-e₃-ke₄#,reciever,NA,332252
1483,ARAD₂-ta,source,NA,332262
1484,šu-eš₁₈-dar,reciever,NA,332262
1485,ur-{d}šul-pa-e₃-ta,source,NA,332409
1486,ur-{d}ba?-ba₆,reciever,NA,332409
1487,ad-da-ta,source,NA,332421
1488,ur-mes,reciever,NA,332421
1489,ur-{d}suen-ta,source,NA,332423
1490,a-kal-la,reciever,NA,332423
1491,i-šar-i₃-li₂,source,NA,333642
1492,pu-ga-<a>,reciever,NA,333642
1493,ur-mes,source,NA,333666
1494,lu₂-{d}nanna,reciever,NA,333666
1495,a-du-ta,source,NA,339119
1496,i₃-kal-la,reciever,NA,339119
1497,ur-{d}nin-tu-ta,source,NA,339154
1498,i₃-kal-la,reciever,NA,339154
1499,ur-{d}šul-pa-e₃-ta,source,NA,339220
1500,lu₂-du₁₀-ga,reciever,NA,339220
1501,ur-{d}šara₂,source,NA,339241
1502,i₃-kal-la,reciever,NA,339241
1503,lugal-ezem-ta,source,NA,339291
1504,a-kal-la,reciever,NA,339291
1505,a-du-ta,source,NA,339328
1506,i₃-kal-la,reciever,NA,339328
1507,lugal-mu-ma-ag₂-ta,source,NA,339595
1508,gur₈-za-an,reciever,NA,339595
1509,ur-{d}ba-ba₆-ta,source,NA,339742
1510,ur-{d}šul-pa-e₃,reciever,NA,339742
1511,ur-e₁₁-e-ta,source,NA,339745
1512,ur-{d}šul-pa-e₃,reciever,NA,339745
1513,u₃-ma-ni-ta,source,NA,339799
1514,ku₃-ga-ni,reciever,NA,339799
1515,a-tu-ta,source,NA,339879
1516,ur-{d}šul-pa-e₃,reciever,NA,339879
1517,šeš-kal-la-ta,source,NA,339885
1518,lugal-nig₂-lagar-e,reciever,NA,339885
1519,ur-{d}šul-pa-e₃-ta,source,NA,339888
1520,a-du,reciever,NA,339888
1521,ur-{d}šara₂-ta,source,NA,340001
1522,ur-{geš}gigir,reciever,NA,340001
1523,da-da-ga-ta,source,NA,340108
1524,ur-{d}lamma,reciever,NA,340108
1525,ARAD₂-ta,source,NA,340168
1526,ur-zu,reciever,NA,340168
1527,ARAD₂-ta,source,NA,340174
1528,giri₃-ni,reciever,NA,340174
1529,ARAD₂-ta,source,NA,340192
1530,nig₂-lagar-e,reciever,NA,340192
1531,lugal-ezem-ta,source,NA,340333
1532,šeš-kal-la,reciever,NA,340333
1533,ur-e₁₁-e-ta,source,NA,340337
1534,hu-wa-wa,reciever,NA,340337
1535,ur-nigar{gar}-ta,source,NA,340451
1536,ur-{geš}gigir,reciever,NA,340451
1537,lu₂-kal-la-ta,source,NA,340566
1538,ur-ba-gara₂,reciever,NA,340566
1539,ur-{d}nun-gal-ta,source,NA,340631
1540,lu₂-iri-sag,reciever,NA,340631
1541,da-da-ga-ta,source,NA,340685
1542,šeš-kal-la,reciever,NA,340685
1543,lugal-ku₃-ga-ni-ta,source,NA,340688
1544,uš-mu,reciever,NA,340688
1545,ur-du₆-ku₃-ga-ta,source,NA,340721
1546,ur-{geš}gigir,reciever,NA,340721
1547,{d}šara₂-ba-zi-<ge>-ta,source,NA,340761
1548,lu₂-gi-na,reciever,NA,340761
1549,lu₂-banda₃{da}-ta,source,NA,340764
1550,a-kal-la,reciever,NA,340764
1551,a-kal-la,source,NA,340778
1552,ur-{geš}gigir,reciever,NA,340778
1553,da-da-ta,source,NA,340801
1554,ur-{geš}gigir,reciever,NA,340801
1555,ur-{d}šara₂,source,NA,341002
1556,i₃-kal-la,reciever,NA,341002
1557,ur-{d}šara₂-ta,source,NA,341025
1558,na-u₂-a,reciever,NA,341025
1559,lu₂#-igi#-sa₆-sa₆-ta,source,NA,341945
1560,ur-dun,reciever,NA,341945
1561,ur-{d}suen-ta,source,NA,341979
1562,ur-{d}iškur,reciever,NA,341979
1563,lugal-ezem-ta,source,NA,342030
1564,a#-kal-la,reciever,NA,342030
1565,ur-e₂-mah,reciever,NA,469550
1566,lu₂-{d}šara₂-ta,source,NA,469550
1567,ur-{d}ur₃-bar-tab,reciever,NA,469544
1568,lu₂-{d}šara₂-ta,source,NA,469544
1569,[a]-kal-la,reciever,NA,356028
1570,nam-zi-tar-ra-ta,source,NA,356028
1571,šeš-kal-la-ta,source,NA,374165
1572,ur-{d}en-gal-du-du,reciever,NA,374165
1573,ur-šu-ga-lam#-ma#-ta,source,NA,374203
1574,ur-mes,reciever,NA,374203
1575,lu₂-kal-la-ta,source,NA,374243
1576,lu₂-me-lam₂,reciever,NA,374243
1577,ur-nigar{gar}-ta,source,NA,374269
1578,ur-{d}igi-zi-bar-ra,reciever,NA,374269
1579,lugal-dam-ta,source,NA,374392
1580,di-mi,reciever,NA,374392
1581,lu₂-{d}nin-šubur-ta,source,NA,374671
1582,lu₂-na,reciever,NA,374671
1583,ur-[ama]-na-ta,source,NA,378576
1584,lu₂-[giri₁₇-zal,reciever,NA,378576
1585,šeš-kal-la-ta,source,NA,378719
1586,ur-{d}nanše,reciever,NA,378719
1587,al-la-mu-ta,source,NA,378887
1588,ur-mes,reciever,NA,378887
1589,na-silim-ta,source,NA,379304
1590,ur-mes,reciever,NA,379304
1591,ur-gu₂-en-na-ta,source,NA,379368
1592,ab-ba-gu-la,reciever,NA,379368
1593,lugal-dam-ta,source,NA,379615
1594,di-mi,reciever,NA,379615
1595,{d}šara₂#?-[...],source,NA,379823
1596,lu₂-dingir-ra,reciever,NA,379823
1597,ur]-{d}nin-geš-zi-da-ta,source,NA,380008
1598,[lugal]-im-ru-a,reciever,NA,380008
1599,ba-zi-ta,source,NA,380371
1600,i₃-li₂,reciever,NA,380371
1601,ur-e₁₁-e-ta,source,NA,380556
1602,i₃-kal-la,reciever,NA,380556
1603,hu-wa-wa-ta,source,NA,387643
1604,ur-{d}iškur,reciever,NA,387643
1605,ur-ru-ta,source,NA,387660
1606,a-kal-la,reciever,NA,387660
1607,ur-gu-ta,source,NA,390773
1608,ur-tul₂-sag,reciever,NA,390773
1609,ur-{d}šul-pa-e₃-ta,source,NA,390805
1610,da-da-ga,reciever,NA,390805
1611,ARAD₂-ta,source,NA,390809
1612,lu₂-{d}ištaran,reciever,NA,390809
1613,i₇-pa-e₃-ta,source,NA,390847
1614,lu₂-dingir-ra,reciever,NA,390847
1615,bar-bar-li₂-a-ta,source,NA,392043
1616,ha-li₂-li₂,reciever,NA,392043
1617,ur-{d}nin-tu-ta,source,NA,413863
1618,i₃-kal-la,reciever,NA,413863
1619,ad-da-ta,source,NA,249089
1620,lu₂-du₁₀-ga,reciever,NA,249089
1621,ur-{d}ba-ba₆-ta,source,NA,332348
1622,da-gi,reciever,NA,332348
1623,a-hu-ni-ta,source,NA,211511
1624,ur-nigar{gar},reciever,NA,211511
1625,lu₂-dingir-ra-ta,source,NA,211684
1626,ur-nigar{gar},reciever,NA,211684
1627,{d}šul-gi-a-a-mu-ta,source,NA,212109
1628,ur-nigar{gar},reciever,NA,212109
1629,{d}utu-GIR₂@g-gal,reciever,NA,248602
1630,pa₃#-da#-ta,source,NA,248602
1631,šeš-kal-la,source,NA,249087
1632,[lugal]-nesag#-e,reciever,NA,249087
1633,ARAD₂-ta,source,NA,249097
1634,inim-{d}inanna,reciever,NA,249097
1635,la-ni-mu-ta,source,NA,249166
1636,igi#-dar,reciever,NA,249166
1637,ur-sa₆-ga-ta,source,NA,330444
1638,la-a-mu,reciever,NA,330444
1639,da-a-ga-ta,source,NA,330506
1640,lugal-ezem,reciever,NA,330506
1641,ku₃-ga-ni-ta,source,NA,330591
1642,da-da-ga,reciever,NA,330591
1643,lugal-nir-ta,source,NA,376041
1644,lu₂-{d}nin-šubur,reciever,NA,376041
1645,en-u₂-a-ta,source,NA,376062
1646,ur-e₁₁-e,reciever,NA,376062
1647,ur-{d}li₉-si₄-ta,source,NA,212035
1648,na-x,reciever,NA,212035
1649,lu₂-du₁₀-ga-ta,source,NA,332518
1650,a-a-kal-la,reciever,NA,332518
1651,lu₂-{d}šu-{d}suen,source,NA,138391
1652,ARAD₂#-{d}nanna,reciever,NA,138391
1653,šu-na-bar,reciever,NA,138436
1654,a-a-kal-la-ta,source,NA,138436
1655,ARAD₂-{d}nanna-ta,source,NA,138680
1656,a-hu-wa-qar,reciever,NA,138680
1657,lu₂-dingir-ra-ta,source,NA,211682
1658,ur-nigar{gar},reciever,NA,211682
