name,number of transactions
ab-ba-sa₆-ga,264
nu-ur₂-{d}suen,262
la-na,249
na-sa₆,223
šeš-da-da,220
{d}nanna-ma-ba,188
ur-{d}ba-ba₆,188
ur-mes,158
lu₂-{d}nin-gir₂-su,150
lu₂-{d}nanna,134
lu₂-dingir-ra,124
in-ta-e₃-a,123
ur-nigar{gar},115
nu-ur₂-{d}iškur,93
lu₂-u₁₈-um,83
a-hu-ni,83
wa-ta₂-ru-um,74
na-lu₅,73
dingir-dan,66
ur-sa₆-ga,61
lugal-a₂-zi-da,60
ur-{d}suen,58
gu₃-de₂-a,56
lugal-inim-gi-na,55
dingir-ba-ni,55
ur-ku₃-nun-na,53
ur-{d}šul-pa-e₃,50
ur-{d}lamma,49
šeš-kal-la,48
šu-e₂-a,47
hu-la-al,46
maš-tur,43
uz-tur,42
lu₂-{d}nin-šubur,41
ad-da-kal-la,41
{d}šul-gi-a-a-mu,40
lu₂-sa₆-ga,40
ur-{d}nin-gubalag,40
ur-{d}en-lil₂-la₂,39
{d}šul-gi-i₃-li₂,38
na-ap-la-num₂,38
{d}suen-a-bu-šu,38
{d}nanna-kam,37
igi-kar₂,37
šu-ma-ma,36
lu₂-ša-lim,36
šar-ru-um-i₃-li₂,36
ARAD₂-mu,36
šu-i₃-li₂,35
lu₂-bala-sa₆-ga,33
{d}en-ki,32
a-da-lal₃,32
ur-{d}iškur,31
{d}šu-{d}suen-la-ma-ha-ar,31
{d}en-lil₂-la₂,31
a-a-kal-la,31
šu-{d}šul-gi,30
ur-šu,30
a-hu-we-er,29
šu-eš₁₈-dar,29
{d}šara₂-kam,29
ku₃-{d}nanna,28
ur-šu-ga-lam-ma,28
hu-li-bar,27
ur-{d}li₉-si₄,26
be-li₂-du₁₀,26
lugal-ma₂-gur₈-re,25
ARAD₂-{d}nanna,25
ra-ši,24
lugal-ezem,23
zu-ba-ga,23
li-ba-nu-uk-ša-ba-aš,23
ar-ši-ah,23
ha-ba-lu₅-ge₂,22
i₃-li₂-{d}da-gan,22
a-hu-wa-qar,22
lugal-me-lam₂,22
AN,22
{d}amar-{d}suen,21
uš-mu,21
lu₂-du₁₀-ga,21
kal-la-mu,20
lugal-amar-ku₃,20
šu-er₃-ra,20
da-a-a-ti,20
na-ap-la-nu-um,19
er₃-re-šum,19
a-ba-{d}en-lil₂-gin₇,19
ŠIM,19
inim-{d}nanna,18
ur-{d}ig-alim,18
nu-ur₂-i₃-li₂,17
ur-sukkal,17
lu₂-{d}suen,17
ur-{d}dumu-zi-da,17
{d}nanna-igi-du,16
en-um-i₃-li₂,16
lu₂-{d}inanna,16
li-ba-an-aš-gu-bi,16
ur-tilla₃,15
ur-nig₂,15
a-mur-dingir,15
ma-šum,15
šu-{d}suen,15
šu-{d}nin-šubur,15
i-mi-id-dingir,15
nig₂-mu-mu-kal-le,14
ki-{d}suen,14
bur-ma-ma,14
ša₃-gu₄,14
ur-{d}nin-kur-ra,14
la-la-mu,14
ip-hur,13
gu₄-geš,13
nu-hi-dingir,13
a₂-bi₂-li₂,13
{d}nanna-ki-ag₂,13
gu-za-ni,13
iš-me-dingir,13
a-hu-a,13
la-ma-har,13
ib-ni-{d}iškur,12
ba-za-za,12
ba-la-la,12
kal-la,12
kas₃-pu-ša,12
ur-tilla₅,12
lugal-i₃-mah,12
ur-{d}šul-gi-ra,12
{d}nanna-zi-ša₃-gal₂,12
na-bi₂-{d}suen,12
a-hu-ma,12
bu-ša-am,12
za-ri₂-iq,12
en-{d}nanše-ki-ag₂,12
hu-zi-ri,12
ur-e₂-an-na,12
en-mah-gal-an-na,12
suhuš-ki-in,11
lu₂-{d}šara₂,11
lu₂-{d}da-mu,11
i-šar-pa₂-dan,11
ur-{geš}gigir,11
ur-tum-ma-al,11
wa-at-ra-at,11
{d}šul-gi-iri-mu,11
uri₅{ki}-ki-du₁₀,11
al-la-mu,11
na-ra-am-{d}iškur,11
da-a-a,11
du₁₀-i₃-li₂,11
a-bu-du₁₀,11
na-silim,11
ur-{d}lugal-banda₃{da},11
ab-ba-kal-la,11
mar-hu-ni,10
ur-me-me,10
šu-{d}iškur,10
du₁₁-ga-zi-da,10
ur-{d}nanše,10
en-ša₃-ku₃-ge,10
šu-eš₁₈?-dar?,10
ha-ni,10
šar-ru-um-ba-ni,10
lu₂-uru₁₁{ki},10
er₃-ra-ba-ni,10
sa₃-si₂,10
la-gi-ip,9
ba-gu-um,9
{d}i-bi₂-{d}suen,9
in-da-a,9
ur-{d}dam-gal-nun-na,9
kur-bi-la-ak,9
u₂-u₂-mu,9
id-da-a,9
i-din-{d}iškur,9
šu-zu,9
lu₂-{d}ba-ba₆,9
a-na-ti,9
ad-da-mu,9
ip-qu₂-ša,9
la-ni,8
ur-{d}šara₂,8
nu-ur₂-{d}da-gan,8
lugal-iti-da,8
lugal-ra,8
šu-ku-bu-um,8
ur-{d}tilla₃,8
ur-šar-ru-gin₇,8
šu-{d}en-lil₂,8
šul-ga₂-a-ad,7
nu-ur₂-{d}suen#,7
ma-at-i₃-li₂,7
du-u₂-du,7
ša₃-kal,7
ga-da-bi,7
u₂-ta₂-mi-šar-ra-am,7
lum-ma,7
lugal-ku₃-zu,7
a-bi₂-si₂-im-ti,7
i-din-er₃-ra,7
ku₃-{d}nin-gal,7
i-di₃-{d}iškur,7
la-[na,7
šu-{d}iš-ha-ra,7
ur-{d}nin-gal,7
kal-{d}šul-gi,7
ma-num₂-ki-{d}šul-gi,7
ba-zi,7
{d}šu-{d}suen-i₃-li₂,7
a-ha-ni-šu,7
lugal-he₂-gal₂,7
nu-ur₂-{d}utu,7
{d}nin-lil₂-ama-mu,7
a₂-bi₂-li₂-a,7
{d}en-lil₂-zi-ša₃-gal₂,7
e₂-um,6
ur-{d}gilgamesₓ(|BIL₃.GA.MES|),6
ab-ba-mu,6
me-{d}ištaran,6
a₂-bi₂-lum-ma,6
da-da-a,6
hal-li₂,6
ur-{d}šul-gi,6
giri₃-ni-i₃-sa₆,6
i-di₃-e₂-a,6
a-gu-a,6
šeš-zi-mu,6
{d}utu-ba-ni,6
da-da-ga,6
ur-{d}amar-{d}suen,6
la-ma-ha-ar,6
hal-li₂-a,6
e₃-lu-num₂,6
i₃-li₂-be-li₂,6
ri-ba-ga-da,6
da-a-ti,6
ar-pa₂-tal,6
ur-sa₆-sa₆-ga,6
ka₅-a-mu,6
ib-ni-dingir,6
lu₂-{d}en-ki,6
aq-ba-ni,5
šu-da-da,5
na-du-be-li₂,5
i-ku-mi-šar,5
a-ri-du-bu-uk,5
[...]-a,5
lu₂-gi-na,5
ša-at-{d}suen,5
ša₃-ta-ku₃-zu,5
ur-{d}ištaran,5
šu-{d}utu,5
i-di₃-a,5
za-an-nu-um,5
ur-nigar,5
{d}nanna-i₃-gi,5
ki-ri-ib-ul-me,5
{d}šul-gi-ba-ni,5
e₂-a-ba-ni,5
{d}šul-gi-{d}lamma-mu,5
a-hu-šu-ni,5
bu-du-ur₂,5
pu₃-um-wa-qar,5
SI-A-a,5
nigar{gar}-ki-du₁₀,5
šu-ab-ba,5
{d}šul-gi-ra,5
lu₂-[...],5
nu-ur₂-eš₁₈-dar,5
dingir-a-zu,5
tah-ša-tal,5
a₂-bi₂-lum,5
na-ra-am-i₃-li₂,5
la-gi-pu-um,5
bi₂-zu-a,5
al-la,5
{d}utu-du₁₀,5
lugal-mu,5
lu₂-{d}utu,5
ur-{d}šar-ru-gin₇,5
geme₂-{d}en-lil₂-la₂,5
nam-zi-tar-ra,5
na-ha-pa₂-tal,5
a-lu-a,5
ba-a-a,5
{d}suen-ba-ni,5
i-ri-ib,5
ur-{d}nin-geš-zi-da,5
ur-{d}nin-mug,5
en-dingir-mu,5
ad-da-gi-na,5
an-nu-ni-tum,5
be-li₂-i₃-li₂,5
be₆-bu-ru,5
ur-{d}šu-{d}suen,5
i-bi₂-{d}suen,5
ur-uš-gid₂-da,4
dingir-ra-bi₂,4
zu-hu-tum,4
ur-dam,4
ri-mi-dingir,4
hu-na-zi,4
di-ku₅-i₃-li₂,4
sipa-si-in,4
a-hu-du₁₀,4
hu-un-{d}šul-gi,4
a-da-a,4
{d}nanše-kam,4
ur-{d}nanna,4
te-u₃,4
nin-ha-ma-ti,4
ha-la-a,4
gu-ra-a,4
lu₂-{d}nanna#,4
lugal-nam₂-mah,4
zu-u₂-zu,4
šu-ru-uš-ki-in,4
[{d}]suen#-a-bu-šu,4
{d}lamma-igi-du,4
ur-{d}nin-sun₂,4
nig₂-{d}ba-ba₆,4
nam-ha-ni-bi,4
i-di₃-er₃-ra,4
i-din-{d}suen,4
na-ah-ba-tum,4
im-lik-e₂-a,4
ba-na-na,4
lu₂-giri₁₇-zal,4
{d}nisaba-an-dul₃,4
hal-hal-la,4
dingir-sukkal,4
a-ab-ba-a,4
lugal-ni-mah,4
i-zu-sa-bar,4
li-ba-nu-ug-ša-ba-aš,4
in-za-mu,4
a-ab-ba-ni,4
e₂-a-i₃-li₂,4
lugal-engar-du₁₀,4
{d}šul-gi-{d}nanše-ki-ag₂,4
e₂-gu₄,4
{d}šul-gi-al-mah,4
be-li₂-ba-ni,4
ur-{d}ha-ia₃,4
tab-ba-i₃-li₂,4
{d}nanna-ma-[ba],4
qu₂-ra-ad-i₃-li₂,4
ur-x,4
ur-ki-gu-la,4
la-la-a,4
{d}x]-{d}suen,4
da-a-a-ni,4
ki-tuš-lu₂,4
u-bar-tum,4
i-bi₂-zu,4
ur-{d}utu,4
nu-ur₂-ma,4
ri-ib-hu-ti,4
lu₂-kar-zi-da,4
iš-me-{d}da-gan,4
{d#}nanna#-ma-ba,4
hu-un-nu-um,4
ab-ba-gi-na,4
a-a-mu,4
{d}nin-ti₂-ug₅-ga,4
{d}iškur-illat,4
ur-[...],4
i-tu-a,4
ab#-ba-sa₆-ga,4
nu-ur₂-zu,4
bu-ku-šum,4
lugal-ša₃-la₂,4
ba-ba-lum,4
ama-zi-mu,4
e₂-a-ra-bi₂,4
ad-da-sa₆-ga,4
ab-ba-sa₆#-ga,3
a₂-ge₆-ba-a,3
inim-{d}inanna,3
[igi-kar₂],3
ba-a-ga,3
lugal-pa-e₃,3
{d}šu-{d}suen-i-pa₂-la-ah-{d}en-lil₂,3
ur-{d}da-mu,3
geme₂-bara₂-si-ga,3
mi-da-nu-um,3
a-mur-e₂-a,3
bi₂-bi₂-a,3
lugal-nir-gal₂,3
ta₂-hi-še-en,3
ba-sa₆,3
zi-im-zi-la-ah,3
šu-na-mu-gi₄,3
{d}be-la-at-suh-ner,3
u-bar-um,3
a-bu-ni,3
ur#-{d}ba-ba₆,3
er₃-ra-ur-sag,3
{d}šul-gi-pa-li₂-il,3
ba-ba-ti,3
er₃-re-eb,3
šu-ku₈-bu-um,3
an-na-hi-li,3
ur-{d}dumu-zi,3
er₃-ra-na-da,3
ku-un-ši-ma-tum,3
ki-ri₂-ib-ul-me,3
{d}šu-{d}suen-na-ra-am-{d}en-lil₂,3
a-mur-{d}suen,3
u₂-la-i₃-li₂-iš,3
ni-im-zi,3
a-bi₂-a-bi-ih,3
[ARAD₂]-{d}nanna,3
i-di₃-{d}suen,3
igi-{d}en-lil₂-še₃,3
um-me,3
li-bur-{d}šul-gi,3
ta₂-hi-iš-a-tal,3
ur-du₆,3
{d}nanna-[ma]-ba,3
ab-ba-sa₆-ga-ka,3
ur#-mes,3
i-ša-we-er,3
da-sal-ib-ri,3
kur-ti-lum,3
ha-da-ti,3
{d}šu-{d}suen-ha-ma-ti,3
a-bi₂-a,3
da-da-ni,3
ha-li₂-li₂,3
{d}šu-{d}suen-si-sa₂-še₃,3
i₃-da-ga,3
ba-ba-an-še-en₆,3
ur-{d}en-ki,3
u₂-gu-la,3
ru-ba-tum,3
ur-{d}x,3
ku₅-da-mu,3
sal-mah,3
gu₃#-de₂-a,3
a₂-na-na,3
bu₃-ša-am,3
li-ša-num₂,3
ša-lim-be-li₂,3
en-mah-gal-[an]-na,3
a-a-dingir-mu,3
hi-li-a,3
du-šu-mu-um,3
ma-ar-hu-ni,3
{d}utu-bar-ra,3
a-hu-um-ba-ni,3
šu-{d}en-lil₂-la₂,3
ba-ba-an-še-en,3
ku-ba-tum,3
ab-ba-sa₆-[ga],3
a-kal-la,3
NE-NE,3
wa-wa-ti,3
šar-ru-ba-ni,3
u₄-nu₂-a-ka-na,3
{d}šu-{d}suen-i₃-pa₂-la-ah-{d}en-lil₂,3
nu-x,3
amar-ma-ma,3
ur-{d}nun-gal,3
im-ti-dam,3
a-mu-a,3
it-hi-pa₂-tal,3
ku-da-num₂,3
ib-ni-{d}suen,3
amar-{d}da-mu,3
er₃-ra-nu-id,3
ba-mu,3
a₂-bi₂-la-ša,3
a-ha-an-si-bu,3
lu₂-[{d}nin-gir₂-su,3
ur-eš₃-ku₃-ga,3
ar-wi-lu-ug-bi,3
{d}]amar#-{d}suen,3
ur-lugal,3
engar-du₁₀,3
i₃-li₂-an-dul₃,3
e₂-ki-gal-la,2
me#-{d}ištaran,2
hu-nu-nu-ur,2
lu₂-{d}nin-sun₂,2
lu₂-ama-na,2
a-za,2
a-hu-a-li₂,2
ur-{d}gubalag,2
lu₂-an-dul₃,2
suhuš-gi-in,2
er₃-{d}nanna,2
za-la-a,2
ku-ru-ub-er₃-ra,2
a-da-na-ah,2
a-bi₂-a-mu-ti,2
igi-gun₃?,2
{d}utu-illat,2
na-sa₆-ra,2
e₂-kisal,2
ku₃-{d}šara₂,2
[{d}]amar#-{d}suen,2
še-il-ha,2
IŠ,2
nin-ga₂,2
en-um-eš₁₈-dar,2
i-šar-be-li₂,2
za-a-num₂,2
lu₂-sa₆-i₃-zu,2
a₂-bi₂-la-tum,2
{d}i-bi₂-[{d}]suen,2
lu₂#-{d}nanna,2
a-ki-a,2
{d#}en#-ki#,2
šu-{d}nisaba,2
[...]-gal,2
en-nam-i₃-li₂,2
lu₂#-u₁₈-um,2
al-la-ša-ru-um,2
šu-{d}ma-mi-tum,2
{d}šul-gi-re,2
id-ni-in-{d}suen,2
[ur]-mes,2
šu-{d}dumu-zi,2
šu-{d}šul-[gi],2
na]-ap-la-num₂,2
an-ne₂,2
a-ad-da,2
bi₂-bi₂,2
ša-at#-{d#}šu#-{d#}suen#,2
hu-ma-za,2
me-{d}šul-gi,2
bu₃-lu₅-lu₅,2
HI-da,2
lugal-nig₂-lagar-e,2
ul-lam-še-en,2
ma-di₃-na-ad,2
ur-al-la,2
na-na-u₃,2
{d}x-{d}]suen,2
ur-e₂-a,2
{d}amar-{d}suen-ke₄,2
i-su₂-a-ri₂-ik,2
nu-uk-ra-nu-um,2
dingir-ki-ma-at,2
{d}nanna-i₃-gi-in,2
{d#}amar#-[{d}]suen#,2
i₃-lal₃-lum,2
{d}šul-gi-mi-šar,2
ur#-mes#,2
{d}en-lil₂-zi-ša₃-gal₂-še₃,2
lu₂-me-lam₂,2
ba-[...],2
la-ma-ša,2
lu₂-sa₆-[ga],2
šeš-da-da#,2
{d}amar-{d}suen-na-ra-am-{d}en-lil₂,2
lu₂-sukkal-an-ka,2
zu-bu-uš,2
šu-ti-ru-um,2
lu₂-{d}nin-gir₂-[su,2
lugal-i₃-di₃,2
{d}be-la-at-suh-ne-er,2
a-mur-{d}šul-gi,2
ma-na-ma-tum,2
hu-wa-wa,2
ur-e₁₁-e,2
{d}nin-gir₂-su-ka-i₃-sa₆,2
ba-er,2
{d#}amar-{d}suen#,2
ar-bi-ma-az-bi,2
{d}be-la-at-suh₆-ner,2
šu-ga-tum,2
{d}suen!-a-bu-šu,2
[{d}]šul-gi-{d}lamma-mu,2
lu₂-{d}nanše,2
ab-ba-sa₆-ga-<ta>,2
i₃-u₃-ša-na-ag₂,2
ur-{d}namma,2
{d}utu-GIR₂@g-gal,2
a-da-tum,2
it-ra-ak-i₃-li₂,2
[lu₂-{d}nin-gir₂-su,2
ulu₃-di,2
a-ba-{d}en-lil₂-[gin₇,2
ba-ri-a-šum,2
hu-ba-a,2
a-bu-um-dingir,2
šeš#-kal-la,2
dingir-li-li₂,2
{d}en-lil₂-a₂-mah,2
ba-x,2
i-din-i-šum,2
tu-li-id-{d}utu-ši,2
lu₂-u₁₈]-um,2
be-li₂-kal,2
lu₂-bi-mu,2
na#-sa₆,2
an-hi-ir,2
ur-{d}nisaba,2
eš₃-gi-na,2
ur-mu,2
a-hu-[...],2
ur-{d}nin-šubur,2
ha-la-ti,2
e₂-a-šar,2
lu₂-{d}nin-[gir₂]-su,2
a-za-ba-an,2
za-ri₂-qum,2
a-wa-at-i₃-li₂,2
i-šar-i₃-li₂,2
ur-du₆-ku₃-ga,2
i-za-nu-um,2
[maš-tur,2
i₃-kal-la,2
ur-nigar[{gar}],2
ša-lim-a-hu-um,2
[nu]-ur₂-{d}iškur,2
[šeš]-da-da,2
na-sa₆#,2
{d}nanna-ma-an-ba,2
ur-{d}ba#-ba₆#,2
hu-ba,2
{d}nanna-dalla,2
be-li₂-a-zu,2
be-li₂-a-ri₂-ik,2
dam-ga-na#?,2
{d}ku-ku,2
en-me-zi-an-na,2
wi-ti-ma-aš-hi,2
[...]-da,2
lu₂-{d}[nin-gir₂]-su,2
ad-lal₃,2
giri₃-ni,2
i-di₃-zu,2
lu₂-[...,2
u₃-ga,2
i-din-dingir,2
lugal-a₂-zi#-da,2
ur-ra,2
lugal-si-sa₂,2
bu-la-mu,2
en-e,2
AŠ,2
{d}šul-gi-nu-ri,2
ta,2
nu-ur₂-{d}šul-gi,2
me-ra-ah-{d}šul-gi,2
ha-ar-bi₂-in,2
nin-kur,2
[nu]-ur₂-{d}suen,2
a-hu-um-ma,2
dingir-su-ra-bi₂,2
[in]-ta-e₃-a,2
lugal-dub-sar,2
[{d}]en#-lil₂-la₂,2
ku-ru-ub-e₂-a,2
nu-ur₂-{d}suen],2
{d}da-gan-a-bu,2
lugal-an-ne₂,2
ur-ti,2
nu-ur₂-{d}iškur#,2
sag-{d}nanna-zu,2
ra-ab-hu-ti,2
ga-ba-ba,2
da-bad₃-da,2
ad-da-tur,2
li-bur-be-li₂,2
bur-{d}iškur,2
nu-banda₃-gu₄,2
i₃-li₂-a,2
mu-ša,2
ig-kid,2
ur-{d}dam-gal-nun-<na>,2
pa₃-da,2
šeš-da-[da,2
bu-lu-lu,2
ur-{d}ba-ba₆-ke₄,2
la-a-a,2
{d}nanna-ma!-ba,2
{d}šul-gi-dan,2
{d}ša-u₁₈-ša,2
{d}nin-isin₂?{si}-na,2
šu-na-bar,2
pa₃-da-mu,2
a₂-bi₂-la-num₂,2
kal-i₃-li₂,2
a-mi-ir-{d}šul-gi,2
za-na-a,2
pu-šu-ki-in,2
ta₂-bur-PA-tum,2
[ur-{d}]ba-ba₆,2
ha-ba-ba-tum,2
{d}šu-{d}suen-dingir,2
lu₂-{d}en-lil₂-la₂,2
lu₂-du₁₀-ga-mu,2
maš-gu-la,2
še-le-bu-um,2
lu₂-{d}šul-gi-ra,2
{d}iškur-ba-ni,2
{d}nanna-i₃-sa₆,2
ur-{d}suen#,2
e-la-ak-nu-id,2
an-na-tal,2
e₂-u₆-e,2
iq-bi₂-dingir,2
tu-li₂-id-{d}utu-ši,2
ur]-nigar{gar},2
ri₂-ba-a,2
an-ne₂-ba,2
na-ap-li₂-is-e₂-a,2
na-a-na,2
i₃-li₂-tab-ba,2
ur-{d}hendur-sag,2
ip-hu-ha,2
da-a-da,2
i-tu-ri-a,2
[...]-du,2
dingir#-dan,2
ukken-ne₂,2
a-al-la,2
kal-{d}amar-{d}suen,2
i-di₃-i-šum,2
{d}en-lil₂#-la₂,2
lu₂-x,2
šu-dur-ul₃,2
[ip]-qu₂-ša,2
[...]-ga#,2
ur-{d}šul-pa-e₃#,2
bi₂-du₁₁-i₃-sa₆,2
i-mi-id-eš₁₈-dar,2
a-da-lal₃!,2
ši-la-ti-ir,2
na-lu₅#,2
[na-sa₆],2
i-gi₄,2
tu-ra-am-i₃-li₂,2
i₃-li₂-ma-al-ki,2
ur-{d}[lamma,2
{d}amar]-{d}suen,2
ar-ši-ku-uk-bi,2
lu-lu-bu-um,2
{d#}amar#-{d#}suen#,2
ma-na-a,2
edin-e-ki-ag₂,2
lu₂-gu-la,2
du-li-a,2
lugal-ma₂-gur₈-[re],2
ik-šu-dum,2
ba-a,2
i-ba-ti,2
lugal-me-lam₂#,2
zi-ib-na-tum,2
lu₂-sukkal,2
a-a-kal-[la,1
da-ri₂-iš-ma-tum,1
lu₂-x-x,1
ša-lu,1
ku₅-da,1
tu-li₂-id-{d}utu,1
ma₂-sa₆-sa₆,1
ur-ku₃-nun-na#,1
[x-{d}]ig-alim,1
sal?-mah,1
a-ba-nam-tag-in-BAD,1
dingir-illat,1
[...]-ar!,1
u₂-la-i-li₂?-iš,1
ur-{d}geštin-an-ka,1
za-a-an-nu-um,1
ku-zu-zu,1
ha-ba-an-zi-zi,1
za-li-a,1
ur-ku₃-nun-na-ka,1
da-hu-ni,1
<la₂>-NI,1
hu-un-hur-ti,1
lugal-amar-ku₃-ta#,1
ur-tilla₂!,1
zu₂-ga-li,1
zu-la-ti,1
lu₂-x-[...],1
a₂-du-du,1
[a₂]-bi₂-la-num₂,1
ad?-da-kal-la,1
hi-li,1
ša-ši-ku-na,1
li#-<bur>-{d}šul-gi,1
ku₃-ga-ni,1
pu-hi-i₃-zi,1
ur-[{d}šul]-pa-e₃,1
ši-bu-ur₂-ti,1
lu₂-sa₆,1
kas₃-pi-ša,1
er₃-ra-na#-[da,1
giri₃-ni-i₃#-sa₆,1
ka-u₂-ka,1
i-mi-id-eš₁₈?-dar?,1
nin-ne-na-ba,1
šu-ur-šu,1
a₂-u₂-u₂,1
i-ri-ib₂,1
muš-lah₅,1
ša-lim-nu-ri-šu,1
a₂-an-za,1
ša-at-{d}suen#,1
hu-un-ha-ad,1
i₃-li₂-mah-ri₂,1
{d}šul#-gi#-a#-a#-mu#-[ta],1
ku-na-ma#-tum,1
[la-na,1
gi-ne₂,1
wa]-ta₂#-ru-um,1
[{d}šul]-gi#-si₂-im-ti#,1
me-{d}ištaran#,1
{d#}amar-{d#}suen#,1
a₂#-ge₆#-ba-a,1
{d}en-[lil₂-zi]-ša₃-gal₂,1
lugal-inim-gi-na#?,1
giri₃-ni#-i₃-sa₆,1
ur]-{d}lamma,1
al#-la#-x,1
ra#-ši#,1
lu₂#-{d}šara₂,1
iš-me-er₃-ra,1
ur-{d}[šul]-pa-e₃,1
[a?]-bu-du₁₀,1
en]-mah#-gal-[an-na,1
be-li₂-a-ri₂-ik#,1
li-ba-an-<aš>-gu-bi,1
{d}]en#-[lil₂-la₂],1
i-tur₂-dingir,1
ma-num₂{um}-ki-{d}šul-<gi>,1
gu-[za-ni,1
ur-ku₃-nun-<na>,1
ab-ba-[sa₆]-ga,1
[en-mah]-gal-an-[na,1
en]-mah-gal-an-na,1
ARAD₂-{d}ba-ba₆,1
lugal-inim#-[gi]-na#,1
šu-ni-an-nam,1
i-šar-kur-ba-aš,1
igi-kar₂?,1
[{d}]nanna#-igi-du,1
sipa-si-ni,1
nu#-ur₂-{d}suen,1
i₃-li₂-ba-ni,1
nig₂-du₁₁-ga-ni,1
na-me-er-dingir?,1
{d}nu-ur₂-{d}suen,1
[na]-ap-la-num₂?,1
in#-ta-e₃-a-ta#,1
la-ab-ti-il,1
na-ab-[la-nu]-um#,1
e-la-nu-um,1
wa-ta₂-ru-[um,1
amar-zi-mu,1
{d}ša₃-ge-pa₃-da,1
mah-ha-[ni-bi],1
[ur]-nig₂,1
UŠ-a-a,1
ki-a-x,1
a-da#-a,1
[ha]-ba-ba-tum,1
{d}nanna-ma#-ba,1
a#-[hu-ni,1
[na-lu₅],1
KA-[...],1
da-a-zi-te,1
a-u₃-da-il,1
i-za,1
[ur]-{d}lamma,1
ha-ab-ru,1
ur-su,1
a-ba-ar-du-uk,1
en-ne₂,1
al-la#-mu,1
nu]-ur₂-eš₁₈?-dar?,1
lu₂-{d}[...],1
la-tu?-ra-ma,1
ku₃?-gi-li,1
ur-{d}nin-a-zu,1
mun-gazi,1
ha-ri-iš-hu-un,1
zu-ur₂-zu-ra,1
i₃-la-la,1
ba-na-nu-um,1
{d}inanna-zi-mu,1
šu-ku-uk,1
nu?-ri-lugal?,1
e-er-{d}iškur,1
ha-ba-ba,1
ur-ku₃-nun-[na],1
a-wi-te-el₄,1
{d#}en-lil₂-zi-ša₃-gal₂,1
a₂-{d}inanna,1
na#-x,1
da-[...],1
a-bi₂-a-bi₂-ih,1
si-<la>,1
{d}[en-lil₂]-la₂#,1
er₃-šu-ti-dingir,1
{d}nin-šubur-an-dul₃,1
dingir-DI?-ma-at,1
e-tu-um,1
a-bi₂-zu,1
lugal-ušur₃,1
u₂-la-i-li₂-iš,1
in-gu-du,1
{d}ba-ba₆-da-nu-me-a,1
a-da-lal₃?,1
[...]-da#!,1
ama-[zi-mu],1
da-ga,1
muš-da-nu-um,1
du-du-še₃,1
i-šum-ba-ni#,1
ba-za-ti-a,1
ba-ba-za,1
ur-{d}kal-kal,1
lugal-dab₅,1
[{d}šul]-gi-i₃-li₂,1
bi₂-na-tum,1
{d}en-lil₂-la₂#,1
i-za-ri-iq,1
la-e-ri-hu-um,1
lu₂-dingir-[x],1
ša-at-[{d}]suen,1
ur-pu₂-mun-na,1
ur-{d}a-šar₂,1
u₂-la-e-ni-iš,1
a-al-la-mu,1
e₂-x,1
la-u₃-ma-nu-um,1
zi-ib-ni-tum,1
ARAD₂-[x,1
lugal-an-na-ab-tum₂,1
{d}šul-<gi>-a-a-mu-[ta,1
ur-tur-ra,1
nin-šuba₃,1
lu₂?-dingir-ra,1
gar₃-dingir,1
[ur]-{d}da-mu,1
ad-[...],1
ni-in-mu,1
lugal-iti!-da,1
u₂-še₃-i₃-li₂,1
me-nigar{gar},1
a!-hu-ni,1
lu₂-{d}da-mu!?,1
ur-ab-ba,1
[...]-eš₁₈-dar,1
du₁₁#-ga#-zi-da,1
ne-ra-ti,1
[...]-ka#,1
{d}nin-lil₂-tum-zi-nu-šu,1
lugal-za₃-ge-si,1
ur-ad-gi₄-gi₄,1
gab₂-us₂,1
[igi-kar₂,1
[la-a-a,1
ša#-at#-{d}šu#-{d#}suen#,1
šu-lu₂-um?,1
ur-{d}]ba-ba₆,1
su₂-su₂-wa-da-ar,1
a-bi₂-du₁₀,1
a-na-tum,1
a#-hu#-ma,1
{d}]amar-{d}suen,1
a-an-na-ti,1
šeš#-da-da,1
a-ši-ri₂-da,1
nu-[ur₂-{d}x,1
geme₂-{d}en-lil₂-[la₂],1
šar-ru-um-[i₃]-li₂#,1
AN?,1
[nu-ur₂-eš₁₈-dar,1
šu#-eš₁₈-dar,1
ša-at-ma-mi,1
ba#-na#-na#,1
lugal-šuba-zi,1
MUŠ₃,1
ur-{d}nin#?-si₄#?-an-na,1
ur]-ku₃-nun-na-ta#,1
{d}nanna#-[ma-ba],1
lugal#-a₂-zi-da,1
[...]-ga-ra,1
ur-{d}suen#?,1
ur#-{d#}lamma,1
mi-id-gur₈,1
{d}amar-{d}suen-zi-kalam-ma,1
tu-li₂-id-{d#}[utu-ši],1
ab-e₃,1
{d}šul-gi-ra-ma,1
ku-ba-tum-e,1
nu-ki-{d}iškur,1
du₁₁-ga-zi,1
ha-ba-lu₅-ge,1
u₂-ta₂-mi-šar-am,1
a-gu-a-ni,1
lugal-he₂-gal₂#,1
a#?-du-du,1
kar,1
{d}EN-[x,1
ki-ma-ma,1
ARAD₂-{d}nanna#?,1
ha-ba-lu₅-ke₄,1
a-giri₁₇-zal,1
ta₂-hi-iš-še-en,1
i₃-li₂-gešimmar,1
ba-a-mu,1
i₃-u₃-ša,1
ka₅-a-mu#,1
ga-rig₂,1
e-zu-un-{d}da-gan,1
a-ab-ba-mu,1
[ku]-ba#-tum,1
ha-ši-ip-a-tal,1
ur-ge₆-par₄-ra,1
lu₂-{d}asar-lu₂-hi,1
{d}šul-gi-[kalam-ma]-me-te-bi#,1
a-ba-pu-um,1
ik-bu-zum,1
a-hu-um-dingir,1
igi-maš?-šu,1
lu₂-[ša-lim],1
lugal#?-[...],1
šir?-ra,1
lu₂-zabala₃,1
ma-an-za-tum,1
{d}gur₈-gur₈,1
en-u₂-a,1
[{d}nanna-kam],1
lu₂-iri-ki,1
nu]-ur₂-{d}suen,1
šeš-i₃-li₂-iš-ti,1
ma-x,1
šeš-da-[da],1
[ur-{d}šul-pa-e₃,1
ad-du,1
i-gi-ru-mah,1
ta₂-ki-ru#-um,1
{d}suen-ma-lik,1
šeš#-[da]-da,1
[ur]-{d}ba-ba₆,1
ki-da-ni,1
{d}šul-[gi-iri-mu,1
ri₂?-ba-a,1
iš-pu-ga-ru,1
ur-{d}EN-[x],1
ki-ma-ni,1
u₂-li-li₂-iš,1
{d}šul-gi-a-a-mu-<ta>,1
ma-an-nu-um-i₃-li₂,1
ma-nu-ma-nu-um,1
ur-{d}gibil₆,1
en-mah-gal]-an-na,1
lugal-za₃-e₃,1
mi-gir-{d}nin-lil₂-tum,1
nu-hi-lum,1
lugal-e₂-[mah-e],1
da-da-<ga>,1
lugal-pa-<e₃>,1
zi-x,1
li-ba-nu#-ug-ša-ba-aš,1
bu-la-lum,1
e₂-a-kal,1
lu₂-unu{ki},1
ma-num₂#-ki-{d}šul#-gi#,1
lu₂#-[{d}nin-gir₂-su,1
ad-[da]-gu#-[la],1
a-ha-an-ni-šu,1
[e-te-il]-pu₃-{d}da-gan,1
uri₅{ki}-<ki>-du₁₀,1
šu#-i₃-li₂,1
ri#-iz-dingir,1
lu₂-{d}nin-[gir₂-su],1
ur-e₂-nun-na,1
ia₃-ši-li-im,1
u₄-nu₂-a-ka-ni,1
hu-un-ti-ba,1
[ur]-sa₆-ga,1
{d}suen-a-bu#-[šu],1
ša₃#-ta-ku₃-zu#,1
i-di₃-[dingir,1
{d}šu-{d}suen-ma-ha-ar,1
{d}šu-{d}suen-mi-gir-{d}en-lil₂,1
{d}nanna#-ma-ba#,1
en-nun]-ne₂#-{d}amar#-[{d}suen]-ki-ag₂,1
hu-[la-al],1
lu₂-{geš}gigir?,1
{d}šul-gi-li-ti-iš,1
um-ku-lu-lu,1
nin-ik-sur₂,1
ba-a-na-tum,1
za₃?-bi-la₂,1
i-pi₅-iq-na-nu-um,1
en-ša₃-ku₃#-[ge],1
ur-{d}tum-ma-al,1
šu-{d#}[nin-šubur,1
ur-x-[...],1
u₁₈-ba-a,1
a-hu-a-ti,1
{d}er₃-ra-zu,1
lu₂#-sa₆#-ga#,1
{d}šul]-gi-i₃-li₂,1
hu-un-ga-ad,1
ur-{d}x-[x],1
gi-nu-na,1
šu]-ma-ma,1
a-gu-gu#,1
ar-bi₂-gi₄,1
ad#-da-kal#-[la],1
ša#-at#-{d#}šu#-{d#}suen#,1
lugal#-inim-gi-na,1
en-mah-gal-[an-na],1
eš₁₈-dar-tu-kul₂-ti,1
a-hu-um-ma!,1
a₂-zi-da-ka,1
a-ba-u₃,1
ur-me-lam₂-an-na,1
a-mur#-dingir#,1
še-eb-ba,1
ha#-ab-ru,1
ha-an-za-ab-tum-ma-še₃,1
am?-ti,1
li-pa₂-nu-uk-ša-pa₂-aš,1
ur-{d}nin-pa,1
[igi]-kar₂#,1
ma-ni-il,1
[lu₂-{d}nanna,1
ab-ba-sa₆-ga],1
ša-gu-ul-tum,1
na-[ba]-sa₆,1
i-zi-in-er₃-ra,1
šar#-ru-um-i₃-li₂,1
{d}nin-lil₂-e-ma-na!(KI)-ag₂,1
na-[x-...],1
nu]-ur₂-{d}iškur,1
i-me-er₃,1
ba-a-la-a,1
šu!-ab-ba,1
ar#-ši-ah#,1
ha-ha-ša,1
gu₂-li-i₃-sa₆,1
šu-{d}nin-šubur#,1
a-ad-da-mu,1
ši-ri-ši-[ih?],1
šeš-[da-da,1
li-ba-[nu]-uk-ša-ba-aš,1
lu₂-e₂-a,1
i-su₂]-a-ri₂#-ik,1
be#-li₂#-dan,1
e-ze₂-mi-na,1
ur#-[nigar]{gar#},1
ri-zi-dingir,1
lu₂-[u₁₈-um,1
u₂-tu-ma₂#-ge₆,1
wa-da-ru-um,1
šu-{d}da-gan,1
{d}šul-gi-i₃#-[li₂,1
{d}nanna-i₃-zi-in,1
dingir-šu-ki-in,1
lu₂-{d}eb-gal,1
na-ab-ša-nu-um,1
in-ta-[e₃]-a,1
me-eš₁₈-dar,1
šeš-šeš-mu,1
sipa-si:in,1
a-bi₂-si₂-<im>-ti,1
in-[ta]-e₃-a,1
e₂-a-du-du,1
še-il#-ha-ha,1
na-ak-da-ma-ri,1
na-ga,1
ka₅#-a-mu,1
giri₃-ni-i₃-[sa₆],1
du-ri-ib-bi₂-ik-ma,1
he₂-na-lah₅,1
ab-ba-sa₆-<ga>,1
ur-{d}saman₃,1
uri₅#{ki}-ki-du₁₀,1
u₃-zi-nu-ri,1
ku₃-sa₆-mu,1
[it]-ra-ak-i₃-li₂,1
lugal#-ezem,1
ga-ab-lu-lu,1
ur-tur,1
gu₃-de₂-[a],1
zu-ri-im,1
NE-mu-ša-ni-mu,1
nu-ur₂-[{d}suen],1
[ur]-me-me,1
šu-ni-ki-ib,1
a-da-gal,1
nu-ur₂-[{d}iškur],1
ri-ib!-hu-ti,1
ta?-ra?-am?-dingir,1
lugal-sa₆-ga,1
li-[ba-nu-uk]-ša-ba-aš,1
lugal-e₂-mah-e,1
giri₃-da-a,1
i₃-li₂-aš-ra-ni,1
a-mu#-a,1
ni-da-gu₂,1
lugal-u₄,1
na-ap-la-num₂#,1
giri₃#-ni,1
ab-ba-sa₆-[a],1
hu-bi₂-dam?,1
{d}šu-{d}suen-wu-zu-um-i-šar-re,1
u₄-ne-nig₂-[sa₆-ga],1
mu-šu?-hur-da,1
lum-[ma,1
a-wa-an,1
[a?]-kal#-la,1
tur-ba-IGI,1
[a-mur]-dingir,1
hu-ba-nu,1
{d}da-gan-du-ni,1
[ka-...],1
na-[sa₆,1
nam-mah-{d}ba-ba₆,1
ba-tu-uk-ra-ad,1
ama-na-a,1
na-ap-li₂-is?,1
tu-ra-nu-um,1
ur-{d}šar-ru-gen?,1
lugal#-ša₃-la₂,1
{d#}nin-isin₂{si}-na,1
ab-ba-[sa₆-ga],1
a-a-kal#-la#,1
a-ri₂-lum,1
lu₂#-[x,1
{d}šul-gi-iri#-mu,1
[šu]-eš₁₈#-dar,1
[{d}en-lil₂]-la₂,1
lu₂-gir₂-nun{ki},1
nu-ur₂-ra,1
za-an-ti-ru-um,1
bu-ša-am?,1
ur-nigar#{gar},1
li-bur,1
ar-pa₂-tal?,1
na-bi₂-um,1
ka₅-a-<mu>,1
ba-ni#,1
{d}šul-gi-li-ba-ni,1
ru-uš-dam,1
[šu]-ma-ma,1
a-ab-mi-ra-din,1
sa₂-ah-ha,1
un-za-mu,1
nu#-ur₂-{d#}suen#,1
it-ma-nu-um,1
[giri₃]-lugal-iti-da,1
za-ri-me-me,1
šeš-[...],1
en-nam-{d}šul-gi,1
a-lal₃-la-lum,1
ur-du₆-ku₃,1
e-lam-ma-gum₂,1
ur-{d}[x],1
lugal-a₂-[zi]-da#,1
a₂-[ni]-a₂,1
a#-hu#-ni#-ta#,1
a₂#-ni-a₂,1
a-a-kal-la#,1
šu-{d}en-lil₂#,1
ni-AN-bu-li,1
šul-ga₂-a-ad#,1
{d}da-[...],1
nimgir-di-de₃,1
da-a-ga,1
mi-ki-a,1
ur-{d}šu-mah,1
ARAD₂-re-[eb,1
u₂-la,1
nin-ku₃-zu#,1
tu-ra-am-{d}da-gan,1
ŠIM?,1
a₂#-ge₆-il₂-[la,1
ša₃-ad-da,1
{d}nanna-[ma-ba],1
inim-{d}šara₂,1
wa#-ta₂#-ru-um,1
[a]-bu-um-dingir,1
a-na-nu-um-dingir,1
{d}nanna#-kam,1
i-mi#-[id]-dingir,1
na-ap#-[la-nu]-um,1
ur-{d}ba-[ba₆,1
a-hu-we#-er#-[ta,1
lu₂]-ša-lim,1
i-me-er,1
šul-gi-ra#,1
igi-[kar₂,1
ARAD₂-hul₃?-la,1
{d}šara₂-kam-e,1
dara₃-abzu#,1
ur#-{d}iškur,1
{d}en-[lil₂]-la₂#,1
kal-la-mu#?,1
na-[...],1
nu#-ur₂#-[{d}suen],1
za!-ri₂-iq,1
{d}nanna-[ma-ba,1
[eš₃]-ta-ab-e₃,1
{d}utu-he₂!-du₇,1
en-nam-{d}suen,1
e₂-uš-bar,1
lugal-ku₃]-zu,1
a-hu-wa!(IGI)-qar#,1
ur-{d}nin-urta,1
a]-bi₂-si₂-im-ti,1
ar-ši-[ah],1
bu₃-šu-du,1
en-{d}nanše-ki#-ag₂,1
za-an-num₂,1
a-ad-da-a,1
[...]-i₃-li₂,1
du₁₁-ga-[zi]-da,1
bu₃-lu₅,1
dingir]-ba#-ni,1
[šu]-eš₁₈-dar,1
dingir-ku-zi-ri₂,1
la-ma-zum,1
nam-ti-ab,1
lugal-{d}nanna,1
a#-mur#-dingir#,1
bur-{d}mer,1
ur-[x],1
hu-un-nu-du-uk#,1
{d}[x]-ki-ag₂,1
a-[x,1
ba-[x,1
{d}suen-al-še₃?,1
za-ri?-iq,1
ku-ba-bi₂-a,1
igi-{d}x-x,1
i-šar-kur-ba#-šum#,1
an-e₂-il,1
[{d}en-lil₂]-la₂#,1
za-ab-ra-am,1
za-lu-a,1
gu-du-du,1
ša-ab-ša-nu,1
tu-ra-am-i₃#-li₂,1
EN,1
ni#?-ba?-{d}lamma,1
lu₂-ma-nu-um,1
an-da-TAG#?,1
lu₂-uru₁₁,1
lugal-gub-ba-ni,1
[šu-{d}šul]-gi,1
[na]-ap-la-nu-um,1
[...]-du₁₀#,1
be-li₂-šar,1
na-[lu₅,1
{d}nanna-zi-ša₃#-[gal₂],1
ga-ra-du,1
AN#,1
wa]-ta₂-ru-um,1
si-la,1
{d}]en#-ki,1
bu-ri₂-tum,1
ha-ar-ši-tum,1
ur₂-ra-dingir,1
ab]-ba-sa₆-[ga-ta],1
nin?-{d}nin-gubalag,1
en-um-{d}iškur,1
er₃-ra-ur-sag-ga₂?,1
a]-hu-we-er-ta!,1
EN#,1
ur₄#-ša₃,1
pa₃]-da,1
ki-gam-dingir,1
{d}šu-{d}suen-i-pa₂-la-[ah-{d}en-lil₂],1
[šar-ru]-um-i₃-li₂,1
[{d}šu-{d}suen-la]-ma-ha-ar,1
u₃-ga-a,1
dingir-šu,1
lugal-im-ri-a,1
[i-me-er,1
er₃-ra-dan,1
hal-la-a,1
he₂-du-ut-{d}amar-{d}suen,1
ur-x-[x]-x,1
ta₂-di₃-ki-za,1
ru?-hu,1
šu-ma-ma#,1
[mar]-hu-ni#,1
a₂!(DA)-ge₆-il₂-la,1
ir-du-a,1
nu-ur₂-su₂,1
in-ši-we-er,1
in#-za-mu,1
igi-{d}en-lil₂-še₃#,1
e₂-gu₄-ka,1
{d}en-nimgir-si,1
{d}]en#-lil₂-la₂,1
en-nun-e-{d}amar-[{d}]suen#-ra-ki-ag₂,1
a-lum-me-il-lum,1
ŠIM#,1
ma-ma-keš₂,1
a-na-um-ma,1
ga₂-a-ke₄-eš₂,1
{d}utu-me-lam₂,1
{d}en-lil₂-zi,1
giri₃-{d}nanše,1
[...]-ga,1
ur-[nigar]{gar},1
ši-šar-ra-at,1
[ARAD₂?]-{d#}nanna,1
šu#?-[{d}nin?]-šubur,1
e₂-tum,1
ku-u₃,1
a-tu!(SAR),1
uri₅{ki}-ki-[du₁₀],1
eš₁₈?-dar?-al-šu,1
lugal-an-dul₃,1
pu-du-um-ki-ri-iš,1
u₃-ri-ib,1
[ma]-at-i₃-li₂,1
{d}suen-a-bu-ni,1
{d}nin-lil₂-le-ma-an-ag₂,1
lugal-ur₃-ra-ni-ke₄,1
kas₃?-pu-ša,1
{d}šu-{d}suen-mi-gir-[eš₁₈]-dar,1
a-ba-{d}en-lil₂#-gin₇,1
lu₂#-giri₁₇-zal!,1
u₃-za-ar,1
a-i₃-li₂-su,1
{d}iškur-dan,1
šu-e₂#-a#,1
ma-num₂{ki}-{d}šul-gi,1
ah-ba-bu,1
igi#-kar₂#,1
ze₂-e-ze₂,1
ša₃-gul-lum,1
ra?-bu-tum,1
ba-ba-an-še-[en,1
a-la-la-a,1
i₃-u₃-[ša]-na#-ag₂,1
gir-ri,1
lugal]-ku₃-ga-ni,1
ur?-nigar{gar},1
u₄-nu₂-a-ka,1
ur-ku₃-ga,1
dingir-sa₆-ga,1
[{d}]gu₂-la₂,1
igi-lugal-še₃,1
dingir#-kal,1
an-ti-a,1
[bur]-ma-ma,1
wa-la-la,1
[dingir?]-dan,1
ša-at-e₂-a,1
ur-zu,1
i-ku-un-pi₂-{d}utu,1
[a-hu]-ni,1
ša-da-zi,1
dingir-DI-ma-at,1
[du₁₁-ga]-zi-da,1
a-mur-dingir-lum,1
ur#-{d#}ba#-ba₆#,1
ab]-ba-sa₆#-[ga-ta],1
ma-šum#,1
lu₂#?-giri₁₇-zal,1
a]-ab-ba-ni,1
nu-ur₂-ra-a,1
inim-ma-ni-zi,1
ip#-hur,1
[x]-{d}šul-gi,1
[a₂-bi₂-la-tum,1
u₂-na-ba-tal,1
šu#-er₃-ra,1
al-la-gi-na,1
amar-{d}šul-gi-ra,1
ma-num₂#-[ki-{d}]šul-gi,1
a-bi₂-UD-IŠ?,1
na-ap-la]-num₂,1
dingir-kal,1
zu-hu-ut,1
lu₂-{d}šul-gi,1
nu-ur₂#-[{d}suen,1
ur#-[{d}en-lil₂-la₂],1
uš-gi-na,1
ku₃-{d}nin-ur₄-ra,1
[i]-mi-id-eš₁₈-dar,1
ba-num₂,1
a-tu-ra,1
a-a-[kal-la],1
{d}suen-ma-la-ak-šu,1
šu-kal,1
ta₂-ki-ru-um#,1
nu-ur₂#-[{d}]suen#,1
ur-{d}]nin-kur-ra,1
en-ubur-zi-[an-na,1
i-ši-we-er,1
hu-un-ki-ib-ri,1
sa₃-si₂-še₃,1
lugal-ki-ag₂,1
šu#-la-num₂,1
ba-an-zi-ge,1
{d}šul-gi-ad-lal₃,1
ur-{d}ba-ba₆?,1
[a]-kal-la,1
la-a-la-a,1
ba-ar-ba-na-zu,1
a-bu-du₁₀!,1
lu₂-[{d}nin-gir₂]-su,1
ur-ku₃]-nun-na,1
la-gi-pu-[um],1
[{d}nanna-ma]-ba,1
{d}utu-a₂-dah,1
e₂-ki-bi,1
nig₂-kal-la,1
{d}be-la-at-šu?-gu-nir,1
a-li₂-ah,1
in-ta-e₃,1
en-ur₂-ku₃-ge,1
lu₂-dingir-ra-[ta,1
ši-nu-nu-tum,1
ri-[x],1
kal-la-mu#,1
ur-{d#}nin#-gubalag,1
{d}šul-gi-{d}utu-<mu>,1
sag-du₃,1
{d}nanna-ma!-ba!,1
[ur]-{d}šul-gi-ra,1
še-da-ku-ku,1
hal-i₃-lum,1
la-si₂-ma-nu-um,1
lugal-nig₂-si-sa₂-e,1
na#-lu₅,1
en#-mah-gal-an-na,1
[{d}]suen-a-bu-šu,1
ad-da-[bu-ni]-hu-tah,1
ur-šum,1
i-su-ri₂-iq,1
za-li₂-a,1
ur-{d}bil₂-sag,1
hu-ba-nimgir-si-NI,1
ta₂-din-eš₁₈-dar,1
u₂-tul₂-ma-ma,1
kin-gi₄,1
{d}nin-e₂-gal-e-si,1
inim-zi,1
e-ba-tal,1
lu₂-{d}ma-lik,1
i-zi-a-ri₂-[ik],1
lugal-si-gar,1
i-ki-zu,1
lu₂-da-[x,1
ki-ri₂-bu-ul-me,1
i-la-bu-i-ga-tu,1
ab#-ba-sa₆-ga-ta#,1
bu₃-ka-ka,1
{d}suen-a-bu-šu#,1
ur-{d}tilla?,1
{d}suen-ga-da,1
ma-an-gi,1
hu-su-uz-za-ar-ra-ri,1
pa₂-da-ni,1
ur-{d}ba-[ba₆],1
e₃#-lu-num₂,1
lu₂-{d}en-lil₂,1
ur#-{d#}šul-[pa]-e₃#,1
na-[...,1
lugal-ti-da,1
dabₓ(U₈)-ba,1
dingir]-dan#,1
{d#}en#-lil₂-la₂,1
an-ne₂-ba-ab-du₇,1
ur-ku₃-nun-na-ka#,1
ku-ba-ba-e,1
nu-ur₂]-{d}suen,1
[a]-bu#-du₁₀,1
ezem-{d}[...],1
šu-{d}iš-ha-[ra],1
[maš-tur],1
AN#?,1
tu-ga,1
lu₂-dingir-[ra],1
ur-nigar{gar#?},1
[ur-šu],1
ur-sa₆#,1
[lu₂]-sa₆-ga,1
lugal,1
a-ti,1
ni-a-um,1
gu-zu-zu,1
maš-gal,1
[a]-hu-a,1
[a-hu]-ni#,1
i-din?-er₃-ra,1
ur-ku₃-nun#-na,1
ta₂-ra-am-{d}šul-gi,1
za-ah,1
iš-me-{d}ištaran,1
lugal-{d}utu,1
[ARAD₂-{d}]nanna,1
ta?-gu₄?,1
ku-un-si-ma-tum,1
ad-ga-nu-um,1
dingir-ba-[ni],1
ur-{d}er₃-ra,1
ur-ku₃-nun]-na,1
lu₂-ma₂-gan,1
ša-ba-nu-uk-ša-ba-aš,1
e₂-a-dingir,1
ha-ba-lu₅-<ge₂>,1
za-na-nu-um,1
ur-e₁₁-dam,1
lugal-a₂-[zi-da],1
i-šar-a-ni-iš-su₂,1
ku-li,1
me-{d}nanna?,1
a-ri-ib-hu-ub-bi,1
mu-ur₂-ti-ga-ba,1
nu-da-tum,1
sipa-hi-li,1
lu₂-gu-e₂,1
lugal-ušur₄?,1
lu₂-u₁₈!-um,1
we-du-um,1
še-ilₓ(KAR₂)?-ha,1
hu-bi₂-dam,1
la-muš,1
ki-na-ša-sal,1
šu-ir-ha-an,1
ur-{d}nin-tu,1
i-ta₂-ra-ak-i₃-li₂,1
lu₂#-{d}en-lil₂-la₂,1
[a-ba]-{d}en-lil₂-gin₇,1
šu#?-[...],1
giri₃-gub,1
lu₂-{d}nin#-šubur,1
me-ša#-[nu-nu?],1
la-na],1
[...]-ka,1
[maš]-tur,1
gu₂-lu-ub₂,1
me-gu-um,1
ur-{d}ba-ba₆-[ta,1
lu₂-{d}x,1
en-{d}nanše-[ki]-ag₂#,1
geme₂-sa₆-ga,1
na]-sa₆#,1
{d}]šul-gi-a-a-mu,1
[šu-da-da],1
lu₂-gu-la#?,1
he?-da-ti,1
na-wa-ar-še-en,1
la-ni?,1
wa#-at#-ra-at,1
{d}nanna-lugal,1
{d}šul#-gi-a-a-mu#,1
{d}nin-e₂-gal-igi-du,1
lu₂-ma₂-gan-na,1
en-e-ne,1
x-KA,1
er₃-ra-na-dan,1
zu#-bu-uš,1
inim-dingir-še₃,1
ha-aš-[ma]-nu-um,1
hu-la-li₂,1
ša₃]-ku₃-ge,1
nu-ur₂-{d}suen#?,1
{d}]nanna-ma-ba,1
ur-{d}ašnan,1
{d}šul-gi-an-dul₃,1
i-zu-a,1
ab#-ba-sa₆#-ga#,1
da-šu-ug,1
šar-ru-i₃-li₂,1
gun₄!-na,1
en-u₂-u₂,1
{d}šara₂-a₂-zi-da,1
ab-ba-sa₆-[ga,1
{d}nin-pa,1
be-li₂-a,1
ur-{d}ku₃-nun-na,1
i-šum-ba-ni,1
ga-na-za,1
ba-a-ba-lum,1
nin₉?-kal-la,1
{d}en-lil₂-[la₂,1
PI-tum-bi,1
{d}šu-{d}suen-i₃#-pa₂#-la-ah#-{d}en-lil₂#,1
hu-zi-ri#,1
ša-at-da-ti,1
[ur]-sa₆#-ga,1
ur-{d}asar-lu₂-hi,1
{d}nin#,1
la-ba,1
lu₂-{d}šara₂-ka,1
ur-{d}en-lil₂-[la₂?],1
lugal-pa-e₃#,1
lugal-ka-še₃,1
lugal]-a₂-zi-da,1
ša#-at#-[{d}šu-{d}]suen#,1
gu-ba-ru-um,1
nig₂-se₃-ga,1
wu-u₂,1
a-ti-da,1
u₃-ne,1
ur#-{d}nin-pa,1
i-di₃-šu!-[lum],1
hu!-al-la,1
[{d}]šu-{d}suen-la-ma-ha-ar,1
{d#}en-lil₂-la₂,1
a-tu-ma-ma,1
a₂-bu-ru-ru-ma,1
lugal-dur₂-du₁₀,1
u₄-zu?-ma?,1
ur-{d}]lugal#-banda₃{da},1
KU-x,1
kal-šu-gu,1
lugal-ibila,1
ta₂-hi#-iš-a-tal,1
ur-{d}nanše?,1
da-da-mu,1
a-ga-num₂,1
lu₂#-x,1
en-ki,1
[lugal]-ezem#,1
lugal-siskur,1
šu-eš₁₈-dar?,1
{d}iškur-da-mi-iq,1
ba-ak-i₃-li₂-a,1
hi-li-abzu,1
lugal-banda₃?-x,1
{d}nanna-[ki]-ag₂,1
mu₆-ha-a,1
NE-ša-ah-dingir,1
eš₁₈-dar-il-šu,1
[an-nu]-ni-tum,1
u₂-la-i-li₂,1
ur-{d}nin-da,1
i-la-ak-ra-am,1
ab-ba-sa₆]-ga-[ta],1
ta₂-ki#-ru#-[um],1
am-ma-ti,1
in-ta-e₃-a-ka,1
wa-ta-ru-um,1
a₂-ha-pa₂-tal,1
lu₂#-du₁₀-ga,1
i-bi₂-{d}nu-muš-da,1
ur-dub,1
giri₃#-ni-i₃-sa₆,1
mu-da-nu-um,1
ar-ši-ah!,1
nu-ur₂?-{d}suen,1
du₁₁!-ga-zi-da,1
ga-a-ga-ma,1
[{d}suen]-a-bu-šu,1
nu-ur₂-{d}[suen],1
ta₂-ki-ru#-[um,1
i₃-li₂-aš₂-ra-ni,1
na-ap-la-num₂?,1
e-ma-ma,1
{d}nanna#-ma-ba,1
{d}šu-{d}suen-i₃-[pa₂]-la!-[ah]-{d}en-lil₂,1
er₃-pa₂-dan,1
la#-na#,1
lu₂-{d}[nanna],1
ša-at-bi,1
hi-li#-iš,1
i-ku-mi#-[šar,1
nin-ka,1
tu₃-a-ra-am-{d}da-gan,1
a-gu-du,1
gi-ir-ša-ti,1
ur]-mes#,1
li-pi₂-i₃-sa,1
ab-ba-ni-ir,1
šar-rum-i₃-li₂,1
{d}šu-{d}suen-si-sa₂,1
lu₂-bala-sa₆#-ga,1
a-da-a-ka,1
ma-at-gi₄-gi₄,1
hu-un-ha-ab-bur,1
kur-ti#-lum#?,1
lu₂-banda₃{da},1
i-du-a,1
ur-[šu],1
lugal-ama-na,1
i₃-li₂-a-ti,1
{d}en-lil₂-al-šu,1
[na]-ab-la-nu-um,1
lugal-dumu-gi₇,1
an-ne!,1
lu₂-dingir-[ra,1
a₂-bi₂-la-ti,1
amar-ku₃,1
a-a-x-x,1
e₂-gissu,1
lu₂-giri₁₇#-zal,1
ur#-šu#-ga#-lam#-ma#,1
na]-lu₅,1
šeš-sa₆-ga#?,1
ša₃-ga-na-kum,1
hu-bu-ti-a,1
ma-ma-a,1
{d}nun-x,1
kur-bi-la#-ak,1
gu-du-me-ri-iš,1
a]-kal#-[la],1
ur-li,1
wa-ta₂-[ru-um,1
za-ri-iq,1
e₃-[x,1
na-bi₂-{d}suen#,1
ur]-tilla₃#,1
ur-šu-ga-lam#-[ma],1
bi₂-bi₂-a#,1
[dam]-ki-na,1
lu₂-u₁₈-um],1
nin-he₂-du₇,1
ki-{d}suen#,1
ka-li,1
{d}utu-mu-da,1
a-bi₂-ki-in,1
{d}amar-{d#}suen#,1
zu#-ba-ga,1
ba-za-mu,1
li-ba-na-aš-gu-bi,1
an-na-hi-li-bi,1
ma-aš₂,1
{d}šu-{d}suen-la-ma-har,1
i₃-li₂-iš-ba-ba,1
a-hi-ma,1
lu₂?-[...],1
ur-še₃,1
[šeš]-zi-mu,1
dara₃-abzu,1
[a-hu-a],1
igi#-kar₂,1
hu-un-gi₄-la-ah,1
bu-zu-zu,1
i-bi₂-[{d}suen,1
ti-ze₂-ma-ma,1
e₂-a-ni-ša,1
u₄-sa₆-ga-mu,1
bil₂-li,1
ARAD₂#?-{d}nanna,1
ne-gi-bu-um,1
{d}nin-lil₂-tum-nu-ri,1
ab-ba#-sa₆#-ga,1
šu-a-ba,1
i-šar-ki-in,1
gul-ku-nu-um,1
ur-{d}[...],1
hu-ul-li-bar,1
nig₂-šu-ba-ba#,1
lu₂-{d}nanna#?,1
a-bi₂-a-ti#?,1
lu₂-a₂-a,1
[{d}en]-lil₂-la₂,1
ba-ak-ti,1
hal!-li₂-a,1
{d}nanše-GIR₂@g-gal,1
bu-bu,1
en#-nun-e-{d}amar#-[{d}suen]-ra-ki-ag₂,1
ne-[ni]-la,1
PI-bi₂-il,1
er₃#-re-šum,1
{d}]i#-bi₂#-{d#}[suen],1
{d}šu-{d}suen-ba-ni,1
nig₂-pa,1
ki-{d}utu-ga,1
ur#-e₂-dar-a,1
na-ab-[la-num₂],1
[lu₂]-dingir-ra,1
a-ma,1
ad#-da#-sa₆-ga,1
zu-la-la,1
az-bu,1
hu-un-ha-ab-ur,1
še-[el]-ha-ha,1
gur₈-gur₈-me-gal₂,1
[a]-a-kal-la,1
za-a-nu-um,1
[ur]-tilla₅,1
{d}šul-gi-ad-mu,1
ur-{d}ha-[ia₃,1
ur#-[{d}ba-ba₆?],1
{d}a-ma-ga,1
ur-{d}nusku,1
en-mah-gal-an-[na],1
i₃-lum-{d}suen,1
a-bu-bu,1
ur-{d}li₉-si₄-na,1
u₂-ga-ab-bi-ir,1
{d}nanna-igi-du#,1
x-du-du,1
ur-am₃-ma,1
ur#-{d}suen,1
SIG₇,1
ur-{d}[šul-gi]-ra,1
lugal-i₃-sa₆,1
na-he₂-zi,1
pe-ru-ru-ti,1
i-di₃-lum,1
{d}šul-gi-ra-ke₄,1
ur-{d}KA#,1
lugal-u₄-su₃-[še₃,1
a-wa-ar,1
du₁₁-ga#-[zi-da,1
ta₂-hi-iš-a-tal#,1
ši-dam-qa₂-at,1
ur-uš-gid₂]-da,1
ur-ku₃-[nun-na,1
lu₂-{d}iškur,1
{d}i]-bi₂#-{d}suen,1
in-ta-e₃#-a#-ta#,1
<ARAD₂>-u₃!,1
un-da,1
{[d]}suen#-a#-bu#-[šu],1
e-pi-ri,1
[{d}]šul#-gi-[ke₄,1
ur-{d}lugal-banda₃#[{da}],1
bi₂-za-ti,1
[i₃-li₂-{d}da-gan],1
lu₂-{d}da#-mu,1
a₂-bi₂-la-tum#,1
{d}]be-la-at-<suh₆>-ner,1
ša₃-gu₄],1
li#-ša#-nu-um,1
er₃-ra-ur-sag-[ga₂],1
lugal-nesag-e#,1
igi-sa₆-sa₆-ge,1
sa₃-si₂-ka,1
ra-ba-il,1
ur-ga₂-gi₄-a,1
ku-e-la-ak,1
er₃-tum-il-šu,1
a-ad-[da],1
nu-[ur₂-{d}suen,1
{d}en#-[ki],1
šu-ma-mi-tum,1
ur-šuš₃-{d}ba-ba₆,1
{d}šul-gi-na-gir-ti,1
ur-{d}gilgames₃,1
bur-na-zu,1
ur-{d}hendur#-sag,1
mi-da-a,1
na-na#-u₃#,1
{d}šul-gi-zi-mu,1
lu₂-{d}[nanše],1
li-pa₂-an-aš-ku₈-pi₂,1
mar-da-ba-nu-um,1
ur-{d}lugal-edin-ka,1
li-ba-nu-ug-[ša]-ba-aš,1
ar-za-nu-um,1
šeš!-da-da,1
šeš-šeš,1
{d}i-bi₂-[{d}suen],1
a-pi-la-ša,1
u₂-la-li₂-iš,1
[{d}]nanna-igi-du,1
ur-ki-ku₃-ga,1
u₂-u₂-kal-la,1
inim-{d}x,1
i₃#-li₂-tab-ba,1
lugal-inim-gi#-na#,1
a!-bi₂-du₁₀,1
šu#-e₂-a,1
me-{d}ištaran-e,1
[lugal-ku₃-zu,1
na-tum-da,1
{d}nin-lil₂-zi-mu,1
lugal-...,1
si₂-mat-i₃-li₂,1
ša₃-ku₃-ge,1
[i]-ku-pi₄-{d}utu,1
in#-ta-e₃-a,1
a-bi₂-iš-ki-in,1
gu₂-ne,1
ri-ma-nu-um,1
ta₂-din-ki-za,1
u₃-amar-ba-šu,1
šeš-sa₆-ga,1
za-an-na,1
in-ta-e₃-[a],1
še-da-ak-gu₂-gu₂,1
dingir-kal-la,1
en#-mah-gal-an#-na,1
en-nun-e]-{d}amar-{d}suen-ra-ki-[ag₂,1
zu-la-lum,1
še-id?-pa₂-tal,1
lugal-a₂-zi-da#,1
a-ab-{d}šul-gi,1
da-da-u₃-x,1
i-bi₂,1
inim#-{d}nanna-zu,1
ri-ga-ba-da,1
šu-{d}iš:ha-ra,1
ša#-at#-{d#}[šu-{d}suen],1
nig₂-[mu-mu]-kal-[le,1
lugal-igi-du,1
ab-ba-mu#,1
a₂]-ni-id,1
ab-[ba-kal-la?],1
lugal-zi-mu,1
{d}[šu-{d}]suen#-la-ma-har,1
nu!-ur₂-{d}suen,1
ARAD₂-{d}ba#?-[ba₆,1
{d}šu-{d}suen-hi-li-an-na,1
ša₃-da-an,1
nu-ur₂#-{d}suen,1
ba-aš-ti,1
[ur-{d}šul]-pa-e₃,1
na-ab-la-num₂,1
lugal-ša₃#?-[...],1
ur-kun!,1
ur-tul₂-sag,1
ur-mes!,1
ia₃-a-da-az,1
[wa]-da-ru-um,1
{d}nin-e₂-an-na,1
nir-i₃-da-gal₂,1
ur-{d}nin-[kur-ra],1
ur-{d}ba-ba₆-ka,1
e₂-a-ra-[bi₂],1
ši-ha-lum,1
nig₂-ma-ma,1
lugal-me#-[lam₂],1
[{d}]utu-bar-ra,1
i-zu-a-ri₂-ik,1
zi-ir-ki-lum,1
[dingir]-ba-ni,1
ši-ba-ra-aq,1
su-pu-uš,1
ba-la-a,1
ad-da-mu#,1
{d}[nanna]-ma-ba,1
šu-{d}[...],1
a-ri-za-nu-um,1
hu]-la-al,1
ur#-{geš}gigir,1
{d}[en-lil₂-la₂,1
[...]-da-ni,1
šeš-a-na,1
{d}šul-gi-pa₂-li₂-il,1
ur-[{d}]lamma,1
hi-lum,1
i-za-num₂,1
mar₂-da,1
{d}lamma-e-silim-mu,1
sa₂-si₂,1
aš₂-nun{ki}-ka,1
er₃#-re-šum#,1
e-ni-iš#-a#-[gu]-um#,1
ur-{d}en-lil₂,1
um-mi-du₁₀,1
[ba-mu,1
za-ri₂!-[iq],1
ba-ga-tum,1
lu₂-da#!-ga#?,1
peš₂-tur-tur,1
wa-qar-{d}šu-{d}suen,1
{d}nanna-ku₃-zu,1
giri₃-ša-ma,1
ma-lu-lu,1
ma#-na-a#?,1
lu₂-da-gi-a,1
ga-x,1
li-ba-nu-aš-gu-bi,1
{d}nanna-PAD,1
eš₁₈-dar-il₆-su,1
lugal-gaba,1
maš-sa₆-sa₆,1
sipa-{d}nanše-in-pa₃,1
pa-na-na,1
ia₃-ši-li-im?,1
[in-ta-e₃-a],1
la-na#,1
lugal-engar,1
li-im-ni-li-ik-hi-li-ik,1
{d}lugal-ku₃-zu#,1
i₃-li₂-dan,1
{d}x-ki,1
šu-ru-uš-ak,1
šu-{d}eš₁₈-dar,1
ab#-ba-sa₆-[ga],1
gu-zu-lum,1
i₃-li₂-[...,1
a-ni-ni,1
bu₃-u₂-da-a,1
ni-ba-ba,1
nu-ur₂-zu-[bi,1
dan-num₂,1
ad-da-bu-ni,1
ma-[šu,1
ur-{d}lamma#,1
zi-nu-gi,1
la-[na],1
{d}en-lil₂-re-ez-zum,1
lu₂#-dingir-ra,1
i-za-ri₂-iq,1
dingir-lugal#,1
i₃-li₂-mah-ri,1
i₃-sa₆-ga,1
lugal-e₂-mah-[x],1
lugal-zi-da,1
ur#-[{d}lugal-banda₃{da},1
ki-iz-zi,1
da-gi,1
a-ra,1
a-hu-um#,1
li-bur-gu?,1
ab-ba-a,1
na-sa₆#?,1
na-ap-la!(NA)-nu-um,1
u₂-na-[ba-tal,1
lu₂-{d}dumu-zi-da,1
en-[mah-gal]-an-na,1
ki-na-at-nu-[nu?],1
{d}šu-suen,1
igi-sa₆-sa₆,1
šu-hal-un-du,1
igi-an-na-ke₄-zu,1
šeš]-kal-la,1
ba-sag?,1
ur#-e₂-an-na,1
šu-ba-bi,1
{d}šul-gi-{d}utu-mu,1
[la-na],1
{d}suen-zi-mu,1
zi-ga-am₃,1
iri-ni-ta#,1
nig₂-x,1
zi-li-hu-um,1
[dingir]-dan#,1
am-ne-zu,1
dingir-a-hi,1
šu-{d}suen#,1
si-PI-it,1
e-la-la,1
{d}amar-{d}suen-<na>-engar#-{d}en-lil₂,1
lugal-an-dul₃#,1
la-ze₂-em-a-nu-um,1
gu₃#-de₂#-a,1
šu-{d}dam-ki-na,1
{d}utu-mu,1
ur#-{d}nin-gal,1
ar-ši-ku,1
lugal-igi-huš,1
{d}[en-ki,1
šu-KID?-a,1
[{d}šul]-gi-ra,1
ia₃-ab-ti,1
na-sa₆#-[ta],1
ni-tam-ma,1
geme₂-{d}nanna#,1
ur-{d}x-x,1
na-sa₆#-[ta,1
{d}en-lil₂-a-bu-šu,1
i-di₃-er₃-ra-ka,1
dingir-[kal],1
{d}]suen#-a-bu-[šu],1
e₂-du₃-du₃,1
[{d}utu-he₂-du₇],1
ur-sa₆-ga#?,1
ur-sa₆-ga-mu,1
lu-lu-ba-a,1
dingir-su-dan,1
{d}nin-isin₂{si}-na,1
ba-šu#?-u₂,1
{d}šul-gi-a-a-mu#,1
ur-{d}li₉#-[si₄],1
ur-{d#}šul#-[...],1
u₂-[la]-i₃-li₂,1
šu#-dur-ul₃,1
bi-in-gu-bi-iš,1
na-sa₆-[ta,1
ih-ta-na-su₂-nu-ut,1
ha-[li₂,1
iš#-[me]-{d}da-gan,1
wa-ta₂-ru#-um#,1
lugal#-nam₂-mah#,1
ar-ši-ah#,1
ur-{d}bil₃,1
{d}amar#-[{d}]suen,1
amar-{d}suen#,1
i-šar-kur-ba-šum,1
tu-ra-a,1
me-{d}ištaran!,1
ši-me-a-ni,1
a-ba-ba,1
[{d}en]-ki,1
lu₂-ti-ti,1
gu-ra#-a,1
a-la-ru-um,1
a-ba-e-ne-gin₇,1
ur-bara₂-si-ga,1
ur#-nigar,1
a₂-gu₄,1
mu-ri-na-ba,1
lugal-ušur₄,1
mu-ra-u₂-e,1
a-da-lal₃#?,1
da-a-zi-te#,1
[ma]-at#-i₃-li₂,1
[šeš]-da#-da,1
a-wa-ar-ka,1
gir₂-lu₂,1
x-dingir-ra,1
a-ri-ib-a-tal,1
a-da-gal#?,1
ur-{d}ba]-ba₆,1
{d}nanna-ma-[ba,1
lu₂#-{d}nin-šubur,1
ur#-{d}šara₂,1
lu₂-{d}šu-{d}suen,1
{d}nanna-he₂-gal₂,1
a-ha-an-ti-bu,1
an-nu#-ni-tum#,1
an-ne₂-ba-du₇,1
a#-hu#-ni,1
ur-šu-ku₃-ga,1
in-ta-[e₃-a-ta],1
{d}šul-gi-si₂-im-tum-ma-kam,1
[{d}šu-{d}]suen#-la-ma-ha-ar,1
u₂-ta-mi-šar-ra-am,1
da-a-zi,1
{d}nin-ti₂-ug₅-<ga>,1
lugal-KU,1
šu-la-num₂,1
a₂-nu-nu,1
ka-gaz,1
na-bi₂-a,1
ur-ma?-mi,1
lugal-an-dul₃?,1
dan-na-li,1
u₂-ze₂-nu-ru-um,1
ba-sa₆-ga,1
ad-du-na,1
lu₂]-{d}en-ki,1
[ARAD₂]-{d}šara₂,1
kalam-he₂-na-gi,1
{d}i₇-lu₂-ru-gu₂-de₃,1
šu-kab-ta₂,1
nu]-ur₂#-{d}suen,1
inim#-{d}nanna,1
a₂-pi-li₂-a,1
a₂-dingir-ga₂,1
ur-{d}dam-ki-na,1
lu₂-{d}[x,1
e₂-a-[x,1
[ra-ši],1
[x]-KA,1
li-ba-an-aš-gu-[bi],1
{d}nin#?,1
lugal-e-gir₂,1
{d}iškur-ra-bi₂,1
[ni]-im#-zi,1
lugal-engar-zi,1
še-il-ha-ha,1
a-hu-we-er-[ta,1
i₃!-li₂!-dan,1
ur-{d}šu-zi-an-ka,1
gu-ru-ru,1
a-ma-an-ne-en,1
in-ta-[e₃-a],1
a-x,1
lu₂-{d}nin-šubur-ra,1
a-li-ba-nu-uk-ša-ba-aš,1
a-a-mu#,1
geš-zu-di-ga,1
na-ap-la-[num₂],1
ur-{d}en-lil₂]-la₂,1
en#-nun-e-[{d}amar]-{d}suen-ra-[ki]-ag₂#,1
i#-bi₂-{d}suen,1
šu-{d}ištaran,1
ur-banda₃{da},1
a-ta₂-kal₂-šum,1
ma-az-gar₃-tum,1
lu₂-iri,1
ši-il-ni-gi,1
u₂-li-i₃-li₂,1
da-num₂,1
[dingir]-dan,1
ur-si-gar-ra,1
a-na-da-hul,1
a-hu-wa-[qar],1
ur-[x]-x,1
lu₂-bala-sa₆#-ga#,1
e₂-[x,1
ha-[x-x,1
[...]-bi,1
e₂-ki,1
mar₂-da-mu,1
i]-din-er₃-ra,1
ur#-[{d}gilgamesₓ(|BIL₃.GA.MES|),1
[ni]-gar₃-{d}šu-{d}suen,1
ki-ir-bi-ba#,1
ni-tam-ma#,1
ki-ir-na-mi,1
na-bi-{d}suen,1
a-hu-um,1
i-la-bu-ga-du,1
{d}suen-dingir-šu,1
in-ta-e₃#-a#,1
[lugal-inim-gi-na,1
mu-x-x,1
ad-da-gi-na#,1
ur-{d}en,1
{d}nanna-i₃-zi,1
la-ba-na-am-zi,1
ur-kun,1
[ga-da-bi,1
lil₂-lil₂-ri,1
ma#-ar#-hu#-ni#,1
{d}nin-ti₂-ug₅-ga#,1
ur-{d}nin-kur₂-ra,1
lu-ze₂-um,1
nu-ur₂-ra-a#?,1
en-ša₃-<ku₃>-ge,1
bu-ku-[šum],1
ze₂-pi,1
lugal-mu-ma-ag₂,1
lu₂-{d}šu-x,1
bu-zu-a,1
na]-lu₅-ta#,1
ba-ni-lum,1
ga-la-ah,1
ha-ba-lu₅#-ge₂,1
za-al-ma-nu-um,1
e₂-a-ma-lik,1
lu₂#-dingir-ra#,1
ur-[x,1
dingir-la-ni,1
{d}suen-illat,1
a-ba-ni,1
šeš#-da#-da,1
u₃-ba-a,1
{d}en-lil₂-da,1
nu-ur₂-{d}[suen,1
pi₂-ir-ha-šum,1
lugal-nam-tar-re,1
ki-sa₆-mu,1
lu₂#-bi-mu,1
hu-li-[bar],1
ur-[mes],1
pa₄-pa₄,1
{d}šul-gi-ma-ti,1
ab-ba-sa₆-ga-še₃,1
ša-at-{d}šul-gi,1
[lu₂-u₁₈]-um,1
{d}suen-il-šu,1
za-ga-an-BI?,1
a-ri₂-x,1
lu₂-bala-ša₃-ga,1
bu₃?-ša-am,1
a-ri#-du#-bu-uk,1
a-hu!-ni,1
lu₂-bala-sa₆-[ga],1
nu-ba-an,1
i₃-li₂-mu,1
eš₃-gi-a,1
{d}amar-{d}suen-ka,1
{d}nanna-ma-ba!,1
du-uk-ra-ke₄,1
nu#-ur₂-{d}iškur,1
ša-ši-mi,1
lu₂-ma₂-gur₈-re,1
a-a-i₃-li₂-šu,1
{d}x]-{d#}suen,1
na-ab-<la>-nu-um,1
{d}šul-gi-x,1
a-a-dingir,1
na-ab-la-zum,1
{d}šul-gi-a-tal,1
kal-bi-si,1
i₃-la-ti,1
dingir-šu-sipa,1
ama-bara₂,1
hi-li-iš,1
ša-al-mah,1
al-la#,1
{d}nin-me-en,1
e₂-a-ba#-ni#,1
ur-šu!,1
en-bara₂,1
hu-[la]-al,1
me-{d}ištaran-na,1
kas₃-pu-[ša],1
lu₂#-{d}utu,1
mu-ru-wa,1
id-ni-{d}suen,1
lu-ma-nu-um,1
ad-gi,1
e-te-el-pu₃!-{d}šul-gi,1
{d}šu-{d}suen-wu-zu-um-i-šar#-re,1
dingir-su₂-ra-bi₂,1
lugal-banda₃-še₃,1
lugal-me-e₃-a,1
šar-ru-sipa-i₃-li₂,1
sa₃-si₂#,1
zi-li-li₂,1
amar-suen,1
nu-ur₂-eš₁₈?-dar?,1
{d}en-[lil₂-la₂],1
šeš#-da#-da#,1
du-nu-um,1
{d}šul-gi-ra-kam,1
ra-ha-u₃,1
lu₂-{d}geš-bar-e₃,1
